Warning: You are sending unauthenticated requests to the HF Hub. Please set a HF_TOKEN to enable higher rate limits and faster downloads.
Loading weights:   0%|          | 0/223 [00:00<?, ?it/s]Loading weights: 100%|██████████| 223/223 [00:00<00:00, 20338.56it/s]
/workspace/venv/lib/python3.12/site-packages/insightface/utils/face_align.py:23: FutureWarning: `estimate` is deprecated since version 0.26 and will be removed in version 2.2. Please use `SimilarityTransform.from_estimate` class constructor instead.
  tform.estimate(lmk, dst)
Loading weights:   0%|          | 0/590 [00:00<?, ?it/s]Loading weights: 100%|██████████| 590/590 [00:00<00:00, 17874.92it/s]
/workspace/venv/lib/python3.12/site-packages/huggingface_hub/utils/_validators.py:205: UserWarning: The `local_dir_use_symlinks` argument is deprecated and ignored in `hf_hub_download`. Downloading to a local directory does not use symlinks anymore.
  warnings.warn(
There are modules in UNet2DConditionModel that should be kept in float32: []. Casting directly with `to()` can lead to inconsistent results; set `torch_dtype` in `from_pretrained()` instead to keep these modules in float32.
Loading pipeline components...:   0%|          | 0/7 [00:00<?, ?it/s]
Loading weights:   0%|          | 0/196 [00:00<?, ?it/s][ALoading weights: 100%|██████████| 196/196 [00:00<00:00, 19734.11it/s]
Loading pipeline components...:  29%|██▊       | 2/7 [00:00<00:00, 14.70it/s]Loading pipeline components...:  71%|███████▏  | 5/7 [00:00<00:00, 21.69it/s]
Loading weights:   0%|          | 0/517 [00:00<?, ?it/s][ALoading weights: 100%|██████████| 517/517 [00:00<00:00, 18452.42it/s]
Loading pipeline components...: 100%|██████████| 7/7 [00:00<00:00, 19.95it/s]
The config attributes {'skip_prk_steps': True} were passed to LCMScheduler, but are not expected and will be ignored. Please verify your scheduler_config.json configuration file.
Loading weights:   0%|          | 0/520 [00:00<?, ?it/s]Loading weights:  47%|████▋     | 244/520 [00:00<00:00, 1542.19it/s]Loading weights:  77%|███████▋  | 399/520 [00:00<00:00, 1507.72it/s]Loading weights: 100%|██████████| 520/520 [00:00<00:00, 1446.41it/s]
There are modules in UNet2DConditionModel that should be kept in float32: []. Casting directly with `to()` can lead to inconsistent results; set `torch_dtype` in `from_pretrained()` instead to keep these modules in float32.
ref2: generating text-only (download path disabled)
The custom timestep schedule contains the following timesteps which are not on the original training/distillation timestep schedule: [749, 249]. You may get unexpected results when using this timestep schedule.
/workspace/venv/lib/python3.12/site-packages/diffusers/pipelines/stable_diffusion_xl/pipeline_stable_diffusion_xl.py:748: FutureWarning: `upcast_vae` is deprecated and will be removed in version 1.0.0. `upcast_vae` is deprecated. Please use `pipe.vae.to(torch.float32)`. For more details, please refer to: https://github.com/huggingface/diffusers/pull/12619#issue-3606633695.
  deprecate(
There are modules in AutoencoderKL that should be kept in float32: []. Casting directly with `to()` can lead to inconsistent results; set `torch_dtype` in `from_pretrained()` instead to keep these modules in float32.
There are modules in AutoencoderKL that should be kept in float32: []. Casting directly with `to()` can lead to inconsistent results; set `torch_dtype` in `from_pretrained()` instead to keep these modules in float32.
ref2 ok; identity cosine vs ref1 = 0.119
The custom timestep schedule contains the following timesteps which are not on the original training/distillation timestep schedule: [749, 249]. You may get unexpected results when using this timestep schedule.
There are modules in AutoencoderKL that should be kept in float32: []. Casting directly with `to()` can lead to inconsistent results; set `torch_dtype` in `from_pretrained()` instead to keep these modules in float32.
There are modules in AutoencoderKL that should be kept in float32: []. Casting directly with `to()` can lead to inconsistent results; set `torch_dtype` in `from_pretrained()` instead to keep these modules in float32.
The custom timestep schedule contains the following timesteps which are not on the original training/distillation timestep schedule: [749, 249]. You may get unexpected results when using this timestep schedule.
There are modules in AutoencoderKL that should be kept in float32: []. Casting directly with `to()` can lead to inconsistent results; set `torch_dtype` in `from_pretrained()` instead to keep these modules in float32.
There are modules in AutoencoderKL that should be kept in float32: []. Casting directly with `to()` can lead to inconsistent results; set `torch_dtype` in `from_pretrained()` instead to keep these modules in float32.
The custom timestep schedule contains the following timesteps which are not on the original training/distillation timestep schedule: [749, 249]. You may get unexpected results when using this timestep schedule.
There are modules in AutoencoderKL that should be kept in float32: []. Casting directly with `to()` can lead to inconsistent results; set `torch_dtype` in `from_pretrained()` instead to keep these modules in float32.
There are modules in AutoencoderKL that should be kept in float32: []. Casting directly with `to()` can lead to inconsistent results; set `torch_dtype` in `from_pretrained()` instead to keep these modules in float32.
The custom timestep schedule contains the following timesteps which are not on the original training/distillation timestep schedule: [749, 249]. You may get unexpected results when using this timestep schedule.
There are modules in AutoencoderKL that should be kept in float32: []. Casting directly with `to()` can lead to inconsistent results; set `torch_dtype` in `from_pretrained()` instead to keep these modules in float32.
There are modules in AutoencoderKL that should be kept in float32: []. Casting directly with `to()` can lead to inconsistent results; set `torch_dtype` in `from_pretrained()` instead to keep these modules in float32.
The custom timestep schedule contains the following timesteps which are not on the original training/distillation timestep schedule: [749, 249]. You may get unexpected results when using this timestep schedule.
There are modules in AutoencoderKL that should be kept in float32: []. Casting directly with `to()` can lead to inconsistent results; set `torch_dtype` in `from_pretrained()` instead to keep these modules in float32.
There are modules in AutoencoderKL that should be kept in float32: []. Casting directly with `to()` can lead to inconsistent results; set `torch_dtype` in `from_pretrained()` instead to keep these modules in float32.
The custom timestep schedule contains the following timesteps which are not on the original training/distillation timestep schedule: [749, 249]. You may get unexpected results when using this timestep schedule.
There are modules in AutoencoderKL that should be kept in float32: []. Casting directly with `to()` can lead to inconsistent results; set `torch_dtype` in `from_pretrained()` instead to keep these modules in float32.
There are modules in AutoencoderKL that should be kept in float32: []. Casting directly with `to()` can lead to inconsistent results; set `torch_dtype` in `from_pretrained()` instead to keep these modules in float32.
The custom timestep schedule contains the following timesteps which are not on the original training/distillation timestep schedule: [749, 249]. You may get unexpected results when using this timestep schedule.
There are modules in AutoencoderKL that should be kept in float32: []. Casting directly with `to()` can lead to inconsistent results; set `torch_dtype` in `from_pretrained()` instead to keep these modules in float32.
There are modules in AutoencoderKL that should be kept in float32: []. Casting directly with `to()` can lead to inconsistent results; set `torch_dtype` in `from_pretrained()` instead to keep these modules in float32.
The custom timestep schedule contains the following timesteps which are not on the original training/distillation timestep schedule: [749, 249]. You may get unexpected results when using this timestep schedule.
There are modules in AutoencoderKL that should be kept in float32: []. Casting directly with `to()` can lead to inconsistent results; set `torch_dtype` in `from_pretrained()` instead to keep these modules in float32.
There are modules in AutoencoderKL that should be kept in float32: []. Casting directly with `to()` can lead to inconsistent results; set `torch_dtype` in `from_pretrained()` instead to keep these modules in float32.
The custom timestep schedule contains the following timesteps which are not on the original training/distillation timestep schedule: [749, 249]. You may get unexpected results when using this timestep schedule.
There are modules in AutoencoderKL that should be kept in float32: []. Casting directly with `to()` can lead to inconsistent results; set `torch_dtype` in `from_pretrained()` instead to keep these modules in float32.
There are modules in AutoencoderKL that should be kept in float32: []. Casting directly with `to()` can lead to inconsistent results; set `torch_dtype` in `from_pretrained()` instead to keep these modules in float32.
The custom timestep schedule contains the following timesteps which are not on the original training/distillation timestep schedule: [749, 249]. You may get unexpected results when using this timestep schedule.
There are modules in AutoencoderKL that should be kept in float32: []. Casting directly with `to()` can lead to inconsistent results; set `torch_dtype` in `from_pretrained()` instead to keep these modules in float32.
There are modules in AutoencoderKL that should be kept in float32: []. Casting directly with `to()` can lead to inconsistent results; set `torch_dtype` in `from_pretrained()` instead to keep these modules in float32.
The custom timestep schedule contains the following timesteps which are not on the original training/distillation timestep schedule: [749, 249]. You may get unexpected results when using this timestep schedule.
There are modules in AutoencoderKL that should be kept in float32: []. Casting directly with `to()` can lead to inconsistent results; set `torch_dtype` in `from_pretrained()` instead to keep these modules in float32.
There are modules in AutoencoderKL that should be kept in float32: []. Casting directly with `to()` can lead to inconsistent results; set `torch_dtype` in `from_pretrained()` instead to keep these modules in float32.
The custom timestep schedule contains the following timesteps which are not on the original training/distillation timestep schedule: [749, 249]. You may get unexpected results when using this timestep schedule.
There are modules in AutoencoderKL that should be kept in float32: []. Casting directly with `to()` can lead to inconsistent results; set `torch_dtype` in `from_pretrained()` instead to keep these modules in float32.
There are modules in AutoencoderKL that should be kept in float32: []. Casting directly with `to()` can lead to inconsistent results; set `torch_dtype` in `from_pretrained()` instead to keep these modules in float32.
The custom timestep schedule contains the following timesteps which are not on the original training/distillation timestep schedule: [749, 249]. You may get unexpected results when using this timestep schedule.
There are modules in AutoencoderKL that should be kept in float32: []. Casting directly with `to()` can lead to inconsistent results; set `torch_dtype` in `from_pretrained()` instead to keep these modules in float32.
There are modules in AutoencoderKL that should be kept in float32: []. Casting directly with `to()` can lead to inconsistent results; set `torch_dtype` in `from_pretrained()` instead to keep these modules in float32.
The custom timestep schedule contains the following timesteps which are not on the original training/distillation timestep schedule: [749, 249]. You may get unexpected results when using this timestep schedule.
There are modules in AutoencoderKL that should be kept in float32: []. Casting directly with `to()` can lead to inconsistent results; set `torch_dtype` in `from_pretrained()` instead to keep these modules in float32.
There are modules in AutoencoderKL that should be kept in float32: []. Casting directly with `to()` can lead to inconsistent results; set `torch_dtype` in `from_pretrained()` instead to keep these modules in float32.
The custom timestep schedule contains the following timesteps which are not on the original training/distillation timestep schedule: [749, 249]. You may get unexpected results when using this timestep schedule.
There are modules in AutoencoderKL that should be kept in float32: []. Casting directly with `to()` can lead to inconsistent results; set `torch_dtype` in `from_pretrained()` instead to keep these modules in float32.
There are modules in AutoencoderKL that should be kept in float32: []. Casting directly with `to()` can lead to inconsistent results; set `torch_dtype` in `from_pretrained()` instead to keep these modules in float32.
The custom timestep schedule contains the following timesteps which are not on the original training/distillation timestep schedule: [749, 249]. You may get unexpected results when using this timestep schedule.
There are modules in AutoencoderKL that should be kept in float32: []. Casting directly with `to()` can lead to inconsistent results; set `torch_dtype` in `from_pretrained()` instead to keep these modules in float32.
There are modules in AutoencoderKL that should be kept in float32: []. Casting directly with `to()` can lead to inconsistent results; set `torch_dtype` in `from_pretrained()` instead to keep these modules in float32.
The custom timestep schedule contains the following timesteps which are not on the original training/distillation timestep schedule: [749, 249]. You may get unexpected results when using this timestep schedule.
There are modules in AutoencoderKL that should be kept in float32: []. Casting directly with `to()` can lead to inconsistent results; set `torch_dtype` in `from_pretrained()` instead to keep these modules in float32.
There are modules in AutoencoderKL that should be kept in float32: []. Casting directly with `to()` can lead to inconsistent results; set `torch_dtype` in `from_pretrained()` instead to keep these modules in float32.
The custom timestep schedule contains the following timesteps which are not on the original training/distillation timestep schedule: [749, 249]. You may get unexpected results when using this timestep schedule.
There are modules in AutoencoderKL that should be kept in float32: []. Casting directly with `to()` can lead to inconsistent results; set `torch_dtype` in `from_pretrained()` instead to keep these modules in float32.
There are modules in AutoencoderKL that should be kept in float32: []. Casting directly with `to()` can lead to inconsistent results; set `torch_dtype` in `from_pretrained()` instead to keep these modules in float32.
The custom timestep schedule contains the following timesteps which are not on the original training/distillation timestep schedule: [749, 249]. You may get unexpected results when using this timestep schedule.
There are modules in AutoencoderKL that should be kept in float32: []. Casting directly with `to()` can lead to inconsistent results; set `torch_dtype` in `from_pretrained()` instead to keep these modules in float32.
There are modules in AutoencoderKL that should be kept in float32: []. Casting directly with `to()` can lead to inconsistent results; set `torch_dtype` in `from_pretrained()` instead to keep these modules in float32.
The custom timestep schedule contains the following timesteps which are not on the original training/distillation timestep schedule: [749, 249]. You may get unexpected results when using this timestep schedule.
There are modules in AutoencoderKL that should be kept in float32: []. Casting directly with `to()` can lead to inconsistent results; set `torch_dtype` in `from_pretrained()` instead to keep these modules in float32.
There are modules in AutoencoderKL that should be kept in float32: []. Casting directly with `to()` can lead to inconsistent results; set `torch_dtype` in `from_pretrained()` instead to keep these modules in float32.
id2_sunglasses 4-step              arcface +0.583±0.056 nan=0 | dino 0.688 | P(attr) 0.61 P(beach) 0.08
The custom timestep schedule contains the following timesteps which are not on the original training/distillation timestep schedule: [749, 249]. You may get unexpected results when using this timestep schedule.
There are modules in AutoencoderKL that should be kept in float32: []. Casting directly with `to()` can lead to inconsistent results; set `torch_dtype` in `from_pretrained()` instead to keep these modules in float32.
There are modules in AutoencoderKL that should be kept in float32: []. Casting directly with `to()` can lead to inconsistent results; set `torch_dtype` in `from_pretrained()` instead to keep these modules in float32.
The custom timestep schedule contains the following timesteps which are not on the original training/distillation timestep schedule: [749, 249]. You may get unexpected results when using this timestep schedule.
There are modules in AutoencoderKL that should be kept in float32: []. Casting directly with `to()` can lead to inconsistent results; set `torch_dtype` in `from_pretrained()` instead to keep these modules in float32.
There are modules in AutoencoderKL that should be kept in float32: []. Casting directly with `to()` can lead to inconsistent results; set `torch_dtype` in `from_pretrained()` instead to keep these modules in float32.
The custom timestep schedule contains the following timesteps which are not on the original training/distillation timestep schedule: [749, 249]. You may get unexpected results when using this timestep schedule.
There are modules in AutoencoderKL that should be kept in float32: []. Casting directly with `to()` can lead to inconsistent results; set `torch_dtype` in `from_pretrained()` instead to keep these modules in float32.
There are modules in AutoencoderKL that should be kept in float32: []. Casting directly with `to()` can lead to inconsistent results; set `torch_dtype` in `from_pretrained()` instead to keep these modules in float32.
The custom timestep schedule contains the following timesteps which are not on the original training/distillation timestep schedule: [749, 249]. You may get unexpected results when using this timestep schedule.
There are modules in AutoencoderKL that should be kept in float32: []. Casting directly with `to()` can lead to inconsistent results; set `torch_dtype` in `from_pretrained()` instead to keep these modules in float32.
There are modules in AutoencoderKL that should be kept in float32: []. Casting directly with `to()` can lead to inconsistent results; set `torch_dtype` in `from_pretrained()` instead to keep these modules in float32.
The custom timestep schedule contains the following timesteps which are not on the original training/distillation timestep schedule: [749, 249]. You may get unexpected results when using this timestep schedule.
There are modules in AutoencoderKL that should be kept in float32: []. Casting directly with `to()` can lead to inconsistent results; set `torch_dtype` in `from_pretrained()` instead to keep these modules in float32.
There are modules in AutoencoderKL that should be kept in float32: []. Casting directly with `to()` can lead to inconsistent results; set `torch_dtype` in `from_pretrained()` instead to keep these modules in float32.
The custom timestep schedule contains the following timesteps which are not on the original training/distillation timestep schedule: [749, 249]. You may get unexpected results when using this timestep schedule.
There are modules in AutoencoderKL that should be kept in float32: []. Casting directly with `to()` can lead to inconsistent results; set `torch_dtype` in `from_pretrained()` instead to keep these modules in float32.
There are modules in AutoencoderKL that should be kept in float32: []. Casting directly with `to()` can lead to inconsistent results; set `torch_dtype` in `from_pretrained()` instead to keep these modules in float32.
The custom timestep schedule contains the following timesteps which are not on the original training/distillation timestep schedule: [749, 249]. You may get unexpected results when using this timestep schedule.
There are modules in AutoencoderKL that should be kept in float32: []. Casting directly with `to()` can lead to inconsistent results; set `torch_dtype` in `from_pretrained()` instead to keep these modules in float32.
There are modules in AutoencoderKL that should be kept in float32: []. Casting directly with `to()` can lead to inconsistent results; set `torch_dtype` in `from_pretrained()` instead to keep these modules in float32.
The custom timestep schedule contains the following timesteps which are not on the original training/distillation timestep schedule: [749, 249]. You may get unexpected results when using this timestep schedule.
There are modules in AutoencoderKL that should be kept in float32: []. Casting directly with `to()` can lead to inconsistent results; set `torch_dtype` in `from_pretrained()` instead to keep these modules in float32.
There are modules in AutoencoderKL that should be kept in float32: []. Casting directly with `to()` can lead to inconsistent results; set `torch_dtype` in `from_pretrained()` instead to keep these modules in float32.
The custom timestep schedule contains the following timesteps which are not on the original training/distillation timestep schedule: [749, 249]. You may get unexpected results when using this timestep schedule.
There are modules in AutoencoderKL that should be kept in float32: []. Casting directly with `to()` can lead to inconsistent results; set `torch_dtype` in `from_pretrained()` instead to keep these modules in float32.
There are modules in AutoencoderKL that should be kept in float32: []. Casting directly with `to()` can lead to inconsistent results; set `torch_dtype` in `from_pretrained()` instead to keep these modules in float32.
The custom timestep schedule contains the following timesteps which are not on the original training/distillation timestep schedule: [749, 249]. You may get unexpected results when using this timestep schedule.
There are modules in AutoencoderKL that should be kept in float32: []. Casting directly with `to()` can lead to inconsistent results; set `torch_dtype` in `from_pretrained()` instead to keep these modules in float32.
There are modules in AutoencoderKL that should be kept in float32: []. Casting directly with `to()` can lead to inconsistent results; set `torch_dtype` in `from_pretrained()` instead to keep these modules in float32.
The custom timestep schedule contains the following timesteps which are not on the original training/distillation timestep schedule: [749, 249]. You may get unexpected results when using this timestep schedule.
There are modules in AutoencoderKL that should be kept in float32: []. Casting directly with `to()` can lead to inconsistent results; set `torch_dtype` in `from_pretrained()` instead to keep these modules in float32.
There are modules in AutoencoderKL that should be kept in float32: []. Casting directly with `to()` can lead to inconsistent results; set `torch_dtype` in `from_pretrained()` instead to keep these modules in float32.
The custom timestep schedule contains the following timesteps which are not on the original training/distillation timestep schedule: [749, 249]. You may get unexpected results when using this timestep schedule.
There are modules in AutoencoderKL that should be kept in float32: []. Casting directly with `to()` can lead to inconsistent results; set `torch_dtype` in `from_pretrained()` instead to keep these modules in float32.
There are modules in AutoencoderKL that should be kept in float32: []. Casting directly with `to()` can lead to inconsistent results; set `torch_dtype` in `from_pretrained()` instead to keep these modules in float32.
The custom timestep schedule contains the following timesteps which are not on the original training/distillation timestep schedule: [749, 249]. You may get unexpected results when using this timestep schedule.
There are modules in AutoencoderKL that should be kept in float32: []. Casting directly with `to()` can lead to inconsistent results; set `torch_dtype` in `from_pretrained()` instead to keep these modules in float32.
There are modules in AutoencoderKL that should be kept in float32: []. Casting directly with `to()` can lead to inconsistent results; set `torch_dtype` in `from_pretrained()` instead to keep these modules in float32.
The custom timestep schedule contains the following timesteps which are not on the original training/distillation timestep schedule: [749, 249]. You may get unexpected results when using this timestep schedule.
There are modules in AutoencoderKL that should be kept in float32: []. Casting directly with `to()` can lead to inconsistent results; set `torch_dtype` in `from_pretrained()` instead to keep these modules in float32.
There are modules in AutoencoderKL that should be kept in float32: []. Casting directly with `to()` can lead to inconsistent results; set `torch_dtype` in `from_pretrained()` instead to keep these modules in float32.
The custom timestep schedule contains the following timesteps which are not on the original training/distillation timestep schedule: [749, 249]. You may get unexpected results when using this timestep schedule.
There are modules in AutoencoderKL that should be kept in float32: []. Casting directly with `to()` can lead to inconsistent results; set `torch_dtype` in `from_pretrained()` instead to keep these modules in float32.
There are modules in AutoencoderKL that should be kept in float32: []. Casting directly with `to()` can lead to inconsistent results; set `torch_dtype` in `from_pretrained()` instead to keep these modules in float32.
The custom timestep schedule contains the following timesteps which are not on the original training/distillation timestep schedule: [749, 249]. You may get unexpected results when using this timestep schedule.
There are modules in AutoencoderKL that should be kept in float32: []. Casting directly with `to()` can lead to inconsistent results; set `torch_dtype` in `from_pretrained()` instead to keep these modules in float32.
There are modules in AutoencoderKL that should be kept in float32: []. Casting directly with `to()` can lead to inconsistent results; set `torch_dtype` in `from_pretrained()` instead to keep these modules in float32.
The custom timestep schedule contains the following timesteps which are not on the original training/distillation timestep schedule: [749, 249]. You may get unexpected results when using this timestep schedule.
There are modules in AutoencoderKL that should be kept in float32: []. Casting directly with `to()` can lead to inconsistent results; set `torch_dtype` in `from_pretrained()` instead to keep these modules in float32.
There are modules in AutoencoderKL that should be kept in float32: []. Casting directly with `to()` can lead to inconsistent results; set `torch_dtype` in `from_pretrained()` instead to keep these modules in float32.
The custom timestep schedule contains the following timesteps which are not on the original training/distillation timestep schedule: [749, 249]. You may get unexpected results when using this timestep schedule.
There are modules in AutoencoderKL that should be kept in float32: []. Casting directly with `to()` can lead to inconsistent results; set `torch_dtype` in `from_pretrained()` instead to keep these modules in float32.
There are modules in AutoencoderKL that should be kept in float32: []. Casting directly with `to()` can lead to inconsistent results; set `torch_dtype` in `from_pretrained()` instead to keep these modules in float32.
The custom timestep schedule contains the following timesteps which are not on the original training/distillation timestep schedule: [749, 249]. You may get unexpected results when using this timestep schedule.
There are modules in AutoencoderKL that should be kept in float32: []. Casting directly with `to()` can lead to inconsistent results; set `torch_dtype` in `from_pretrained()` instead to keep these modules in float32.
There are modules in AutoencoderKL that should be kept in float32: []. Casting directly with `to()` can lead to inconsistent results; set `torch_dtype` in `from_pretrained()` instead to keep these modules in float32.
The custom timestep schedule contains the following timesteps which are not on the original training/distillation timestep schedule: [749, 249]. You may get unexpected results when using this timestep schedule.
There are modules in AutoencoderKL that should be kept in float32: []. Casting directly with `to()` can lead to inconsistent results; set `torch_dtype` in `from_pretrained()` instead to keep these modules in float32.
There are modules in AutoencoderKL that should be kept in float32: []. Casting directly with `to()` can lead to inconsistent results; set `torch_dtype` in `from_pretrained()` instead to keep these modules in float32.
id1_redhat 4-step                  arcface +0.342±0.029 nan=0 | dino 0.464 | P(attr) 0.99 P(beach) 0.35
The custom timestep schedule contains the following timesteps which are not on the original training/distillation timestep schedule: [749, 249]. You may get unexpected results when using this timestep schedule.
There are modules in AutoencoderKL that should be kept in float32: []. Casting directly with `to()` can lead to inconsistent results; set `torch_dtype` in `from_pretrained()` instead to keep these modules in float32.
There are modules in AutoencoderKL that should be kept in float32: []. Casting directly with `to()` can lead to inconsistent results; set `torch_dtype` in `from_pretrained()` instead to keep these modules in float32.
The custom timestep schedule contains the following timesteps which are not on the original training/distillation timestep schedule: [749, 249]. You may get unexpected results when using this timestep schedule.
There are modules in AutoencoderKL that should be kept in float32: []. Casting directly with `to()` can lead to inconsistent results; set `torch_dtype` in `from_pretrained()` instead to keep these modules in float32.
There are modules in AutoencoderKL that should be kept in float32: []. Casting directly with `to()` can lead to inconsistent results; set `torch_dtype` in `from_pretrained()` instead to keep these modules in float32.
The custom timestep schedule contains the following timesteps which are not on the original training/distillation timestep schedule: [749, 249]. You may get unexpected results when using this timestep schedule.
There are modules in AutoencoderKL that should be kept in float32: []. Casting directly with `to()` can lead to inconsistent results; set `torch_dtype` in `from_pretrained()` instead to keep these modules in float32.
There are modules in AutoencoderKL that should be kept in float32: []. Casting directly with `to()` can lead to inconsistent results; set `torch_dtype` in `from_pretrained()` instead to keep these modules in float32.
The custom timestep schedule contains the following timesteps which are not on the original training/distillation timestep schedule: [749, 249]. You may get unexpected results when using this timestep schedule.
There are modules in AutoencoderKL that should be kept in float32: []. Casting directly with `to()` can lead to inconsistent results; set `torch_dtype` in `from_pretrained()` instead to keep these modules in float32.
There are modules in AutoencoderKL that should be kept in float32: []. Casting directly with `to()` can lead to inconsistent results; set `torch_dtype` in `from_pretrained()` instead to keep these modules in float32.
The custom timestep schedule contains the following timesteps which are not on the original training/distillation timestep schedule: [749, 249]. You may get unexpected results when using this timestep schedule.
There are modules in AutoencoderKL that should be kept in float32: []. Casting directly with `to()` can lead to inconsistent results; set `torch_dtype` in `from_pretrained()` instead to keep these modules in float32.
There are modules in AutoencoderKL that should be kept in float32: []. Casting directly with `to()` can lead to inconsistent results; set `torch_dtype` in `from_pretrained()` instead to keep these modules in float32.
The custom timestep schedule contains the following timesteps which are not on the original training/distillation timestep schedule: [749, 249]. You may get unexpected results when using this timestep schedule.
There are modules in AutoencoderKL that should be kept in float32: []. Casting directly with `to()` can lead to inconsistent results; set `torch_dtype` in `from_pretrained()` instead to keep these modules in float32.
There are modules in AutoencoderKL that should be kept in float32: []. Casting directly with `to()` can lead to inconsistent results; set `torch_dtype` in `from_pretrained()` instead to keep these modules in float32.
The custom timestep schedule contains the following timesteps which are not on the original training/distillation timestep schedule: [749, 249]. You may get unexpected results when using this timestep schedule.
There are modules in AutoencoderKL that should be kept in float32: []. Casting directly with `to()` can lead to inconsistent results; set `torch_dtype` in `from_pretrained()` instead to keep these modules in float32.
There are modules in AutoencoderKL that should be kept in float32: []. Casting directly with `to()` can lead to inconsistent results; set `torch_dtype` in `from_pretrained()` instead to keep these modules in float32.
The custom timestep schedule contains the following timesteps which are not on the original training/distillation timestep schedule: [749, 249]. You may get unexpected results when using this timestep schedule.
There are modules in AutoencoderKL that should be kept in float32: []. Casting directly with `to()` can lead to inconsistent results; set `torch_dtype` in `from_pretrained()` instead to keep these modules in float32.
There are modules in AutoencoderKL that should be kept in float32: []. Casting directly with `to()` can lead to inconsistent results; set `torch_dtype` in `from_pretrained()` instead to keep these modules in float32.
The custom timestep schedule contains the following timesteps which are not on the original training/distillation timestep schedule: [749, 249]. You may get unexpected results when using this timestep schedule.
There are modules in AutoencoderKL that should be kept in float32: []. Casting directly with `to()` can lead to inconsistent results; set `torch_dtype` in `from_pretrained()` instead to keep these modules in float32.
There are modules in AutoencoderKL that should be kept in float32: []. Casting directly with `to()` can lead to inconsistent results; set `torch_dtype` in `from_pretrained()` instead to keep these modules in float32.
The custom timestep schedule contains the following timesteps which are not on the original training/distillation timestep schedule: [749, 249]. You may get unexpected results when using this timestep schedule.
There are modules in AutoencoderKL that should be kept in float32: []. Casting directly with `to()` can lead to inconsistent results; set `torch_dtype` in `from_pretrained()` instead to keep these modules in float32.
There are modules in AutoencoderKL that should be kept in float32: []. Casting directly with `to()` can lead to inconsistent results; set `torch_dtype` in `from_pretrained()` instead to keep these modules in float32.
The custom timestep schedule contains the following timesteps which are not on the original training/distillation timestep schedule: [749, 249]. You may get unexpected results when using this timestep schedule.
There are modules in AutoencoderKL that should be kept in float32: []. Casting directly with `to()` can lead to inconsistent results; set `torch_dtype` in `from_pretrained()` instead to keep these modules in float32.
There are modules in AutoencoderKL that should be kept in float32: []. Casting directly with `to()` can lead to inconsistent results; set `torch_dtype` in `from_pretrained()` instead to keep these modules in float32.
The custom timestep schedule contains the following timesteps which are not on the original training/distillation timestep schedule: [749, 249]. You may get unexpected results when using this timestep schedule.
There are modules in AutoencoderKL that should be kept in float32: []. Casting directly with `to()` can lead to inconsistent results; set `torch_dtype` in `from_pretrained()` instead to keep these modules in float32.
There are modules in AutoencoderKL that should be kept in float32: []. Casting directly with `to()` can lead to inconsistent results; set `torch_dtype` in `from_pretrained()` instead to keep these modules in float32.
The custom timestep schedule contains the following timesteps which are not on the original training/distillation timestep schedule: [749, 249]. You may get unexpected results when using this timestep schedule.
There are modules in AutoencoderKL that should be kept in float32: []. Casting directly with `to()` can lead to inconsistent results; set `torch_dtype` in `from_pretrained()` instead to keep these modules in float32.
There are modules in AutoencoderKL that should be kept in float32: []. Casting directly with `to()` can lead to inconsistent results; set `torch_dtype` in `from_pretrained()` instead to keep these modules in float32.
The custom timestep schedule contains the following timesteps which are not on the original training/distillation timestep schedule: [749, 249]. You may get unexpected results when using this timestep schedule.
There are modules in AutoencoderKL that should be kept in float32: []. Casting directly with `to()` can lead to inconsistent results; set `torch_dtype` in `from_pretrained()` instead to keep these modules in float32.
There are modules in AutoencoderKL that should be kept in float32: []. Casting directly with `to()` can lead to inconsistent results; set `torch_dtype` in `from_pretrained()` instead to keep these modules in float32.
The custom timestep schedule contains the following timesteps which are not on the original training/distillation timestep schedule: [749, 249]. You may get unexpected results when using this timestep schedule.
There are modules in AutoencoderKL that should be kept in float32: []. Casting directly with `to()` can lead to inconsistent results; set `torch_dtype` in `from_pretrained()` instead to keep these modules in float32.
There are modules in AutoencoderKL that should be kept in float32: []. Casting directly with `to()` can lead to inconsistent results; set `torch_dtype` in `from_pretrained()` instead to keep these modules in float32.
The custom timestep schedule contains the following timesteps which are not on the original training/distillation timestep schedule: [749, 249]. You may get unexpected results when using this timestep schedule.
There are modules in AutoencoderKL that should be kept in float32: []. Casting directly with `to()` can lead to inconsistent results; set `torch_dtype` in `from_pretrained()` instead to keep these modules in float32.
There are modules in AutoencoderKL that should be kept in float32: []. Casting directly with `to()` can lead to inconsistent results; set `torch_dtype` in `from_pretrained()` instead to keep these modules in float32.
The custom timestep schedule contains the following timesteps which are not on the original training/distillation timestep schedule: [749, 249]. You may get unexpected results when using this timestep schedule.
There are modules in AutoencoderKL that should be kept in float32: []. Casting directly with `to()` can lead to inconsistent results; set `torch_dtype` in `from_pretrained()` instead to keep these modules in float32.
There are modules in AutoencoderKL that should be kept in float32: []. Casting directly with `to()` can lead to inconsistent results; set `torch_dtype` in `from_pretrained()` instead to keep these modules in float32.
The custom timestep schedule contains the following timesteps which are not on the original training/distillation timestep schedule: [749, 249]. You may get unexpected results when using this timestep schedule.
There are modules in AutoencoderKL that should be kept in float32: []. Casting directly with `to()` can lead to inconsistent results; set `torch_dtype` in `from_pretrained()` instead to keep these modules in float32.
There are modules in AutoencoderKL that should be kept in float32: []. Casting directly with `to()` can lead to inconsistent results; set `torch_dtype` in `from_pretrained()` instead to keep these modules in float32.
The custom timestep schedule contains the following timesteps which are not on the original training/distillation timestep schedule: [749, 249]. You may get unexpected results when using this timestep schedule.
There are modules in AutoencoderKL that should be kept in float32: []. Casting directly with `to()` can lead to inconsistent results; set `torch_dtype` in `from_pretrained()` instead to keep these modules in float32.
There are modules in AutoencoderKL that should be kept in float32: []. Casting directly with `to()` can lead to inconsistent results; set `torch_dtype` in `from_pretrained()` instead to keep these modules in float32.
The custom timestep schedule contains the following timesteps which are not on the original training/distillation timestep schedule: [749, 249]. You may get unexpected results when using this timestep schedule.
There are modules in AutoencoderKL that should be kept in float32: []. Casting directly with `to()` can lead to inconsistent results; set `torch_dtype` in `from_pretrained()` instead to keep these modules in float32.
There are modules in AutoencoderKL that should be kept in float32: []. Casting directly with `to()` can lead to inconsistent results; set `torch_dtype` in `from_pretrained()` instead to keep these modules in float32.
id1_smiling 4-step                 arcface +0.350±0.037 nan=0 | dino 0.550 | P(attr) 0.14 P(beach) 0.48
There are modules in UNet2DConditionModel that should be kept in float32: []. Casting directly with `to()` can lead to inconsistent results; set `torch_dtype` in `from_pretrained()` instead to keep these modules in float32.
Loading pipeline components...:   0%|          | 0/7 [00:00<?, ?it/s]
Loading weights:   0%|          | 0/196 [00:00<?, ?it/s][A
Loading weights:  40%|███▉      | 78/196 [00:00<00:00, 588.02it/s][A
Loading weights:  82%|████████▏ | 161/196 [00:00<00:00, 667.96it/s][ALoading weights: 100%|██████████| 196/196 [00:00<00:00, 739.02it/s]
Loading pipeline components...:  29%|██▊       | 2/7 [00:00<00:00,  5.81it/s]Loading pipeline components...:  71%|███████▏  | 5/7 [00:00<00:00, 11.51it/s]
Loading weights:   0%|          | 0/517 [00:00<?, ?it/s][A
Loading weights:  19%|█▉        | 100/517 [00:00<00:00, 965.09it/s][A
Loading weights:  38%|███▊      | 197/517 [00:00<00:00, 873.55it/s][A
Loading weights:  55%|█████▌    | 285/517 [00:00<00:00, 825.88it/s][A
Loading weights:  71%|███████   | 368/517 [00:00<00:00, 821.21it/s][A
Loading weights:  87%|████████▋ | 451/517 [00:00<00:00, 797.16it/s][ALoading weights: 100%|██████████| 517/517 [00:00<00:00, 847.86it/s]
Loading pipeline components...: 100%|██████████| 7/7 [00:01<00:00,  3.84it/s]Loading pipeline components...: 100%|██████████| 7/7 [00:01<00:00,  4.54it/s]
The config attributes {'skip_prk_steps': True} were passed to LCMScheduler, but are not expected and will be ignored. Please verify your scheduler_config.json configuration file.
Loading weights:   0%|          | 0/520 [00:00<?, ?it/s]Loading weights:   2%|▏         | 9/520 [00:00<00:11, 43.00it/s]Loading weights:   5%|▍         | 25/520 [00:00<00:08, 59.66it/s]Loading weights:   8%|▊         | 43/520 [00:00<00:06, 72.38it/s]Loading weights:  11%|█         | 57/520 [00:00<00:06, 76.52it/s]Loading weights:  15%|█▍        | 77/520 [00:00<00:04, 96.87it/s]Loading weights:  17%|█▋        | 89/520 [00:01<00:04, 89.99it/s]Loading weights:  20%|██        | 105/520 [00:01<00:04, 98.49it/s]Loading weights:  23%|██▎       | 121/520 [00:01<00:04, 96.52it/s]Loading weights:  26%|██▋       | 137/520 [00:01<00:03, 99.74it/s]Loading weights:  29%|██▉       | 153/520 [00:01<00:03, 97.72it/s]Loading weights:  32%|███▎      | 169/520 [00:01<00:03, 103.75it/s]Loading weights:  36%|███▌      | 185/520 [00:02<00:03, 98.55it/s] Loading weights:  38%|███▊      | 196/520 [00:02<00:04, 73.90it/s]Loading weights:  42%|████▏     | 217/520 [00:02<00:03, 96.29it/s]Loading weights:  44%|████▍     | 229/520 [00:02<00:03, 89.00it/s]Loading weights:  46%|████▌     | 240/520 [00:02<00:03, 83.97it/s]Loading weights:  48%|████▊     | 250/520 [00:02<00:03, 75.71it/s]Loading weights:  53%|█████▎    | 275/520 [00:03<00:02, 98.04it/s]Loading weights:  57%|█████▋    | 297/520 [00:03<00:02, 95.99it/s]Loading weights:  59%|█████▉    | 307/520 [00:03<00:02, 80.97it/s]Loading weights:  63%|██████▎   | 329/520 [00:03<00:02, 86.79it/s]Loading weights:  66%|██████▋   | 345/520 [00:03<00:01, 97.17it/s]Loading weights:  70%|██████▉   | 363/520 [00:04<00:01, 84.18it/s]Loading weights:  73%|███████▎  | 379/520 [00:04<00:01, 84.72it/s]Loading weights:  76%|███████▌  | 395/520 [00:04<00:01, 90.26it/s]Loading weights:  79%|███████▉  | 411/520 [00:04<00:01, 86.73it/s]Loading weights:  83%|████████▎ | 433/520 [00:04<00:00, 105.01it/s]Loading weights:  86%|████████▌ | 445/520 [00:05<00:00, 91.50it/s] Loading weights:  88%|████████▊ | 457/520 [00:05<00:00, 71.43it/s]Loading weights:  94%|█████████▍| 489/520 [00:05<00:00, 98.50it/s]Loading weights:  97%|█████████▋| 505/520 [00:05<00:00, 93.37it/s]Loading weights: 100%|██████████| 520/520 [00:05<00:00, 91.65it/s]
There are modules in UNet2DConditionModel that should be kept in float32: []. Casting directly with `to()` can lead to inconsistent results; set `torch_dtype` in `from_pretrained()` instead to keep these modules in float32.
The first timestep on the custom timestep schedule is 399, not `self.config.num_train_timesteps - 1`: 999. You may get unexpected results when using this timestep schedule.
There are modules in AutoencoderKL that should be kept in float32: []. Casting directly with `to()` can lead to inconsistent results; set `torch_dtype` in `from_pretrained()` instead to keep these modules in float32.
There are modules in AutoencoderKL that should be kept in float32: []. Casting directly with `to()` can lead to inconsistent results; set `torch_dtype` in `from_pretrained()` instead to keep these modules in float32.
The first timestep on the custom timestep schedule is 399, not `self.config.num_train_timesteps - 1`: 999. You may get unexpected results when using this timestep schedule.
There are modules in AutoencoderKL that should be kept in float32: []. Casting directly with `to()` can lead to inconsistent results; set `torch_dtype` in `from_pretrained()` instead to keep these modules in float32.
There are modules in AutoencoderKL that should be kept in float32: []. Casting directly with `to()` can lead to inconsistent results; set `torch_dtype` in `from_pretrained()` instead to keep these modules in float32.
The first timestep on the custom timestep schedule is 399, not `self.config.num_train_timesteps - 1`: 999. You may get unexpected results when using this timestep schedule.
There are modules in AutoencoderKL that should be kept in float32: []. Casting directly with `to()` can lead to inconsistent results; set `torch_dtype` in `from_pretrained()` instead to keep these modules in float32.
There are modules in AutoencoderKL that should be kept in float32: []. Casting directly with `to()` can lead to inconsistent results; set `torch_dtype` in `from_pretrained()` instead to keep these modules in float32.
The first timestep on the custom timestep schedule is 399, not `self.config.num_train_timesteps - 1`: 999. You may get unexpected results when using this timestep schedule.
There are modules in AutoencoderKL that should be kept in float32: []. Casting directly with `to()` can lead to inconsistent results; set `torch_dtype` in `from_pretrained()` instead to keep these modules in float32.
There are modules in AutoencoderKL that should be kept in float32: []. Casting directly with `to()` can lead to inconsistent results; set `torch_dtype` in `from_pretrained()` instead to keep these modules in float32.
The first timestep on the custom timestep schedule is 399, not `self.config.num_train_timesteps - 1`: 999. You may get unexpected results when using this timestep schedule.
There are modules in AutoencoderKL that should be kept in float32: []. Casting directly with `to()` can lead to inconsistent results; set `torch_dtype` in `from_pretrained()` instead to keep these modules in float32.
There are modules in AutoencoderKL that should be kept in float32: []. Casting directly with `to()` can lead to inconsistent results; set `torch_dtype` in `from_pretrained()` instead to keep these modules in float32.
The first timestep on the custom timestep schedule is 399, not `self.config.num_train_timesteps - 1`: 999. You may get unexpected results when using this timestep schedule.
There are modules in AutoencoderKL that should be kept in float32: []. Casting directly with `to()` can lead to inconsistent results; set `torch_dtype` in `from_pretrained()` instead to keep these modules in float32.
There are modules in AutoencoderKL that should be kept in float32: []. Casting directly with `to()` can lead to inconsistent results; set `torch_dtype` in `from_pretrained()` instead to keep these modules in float32.
The first timestep on the custom timestep schedule is 399, not `self.config.num_train_timesteps - 1`: 999. You may get unexpected results when using this timestep schedule.
There are modules in AutoencoderKL that should be kept in float32: []. Casting directly with `to()` can lead to inconsistent results; set `torch_dtype` in `from_pretrained()` instead to keep these modules in float32.
There are modules in AutoencoderKL that should be kept in float32: []. Casting directly with `to()` can lead to inconsistent results; set `torch_dtype` in `from_pretrained()` instead to keep these modules in float32.
The first timestep on the custom timestep schedule is 399, not `self.config.num_train_timesteps - 1`: 999. You may get unexpected results when using this timestep schedule.
There are modules in AutoencoderKL that should be kept in float32: []. Casting directly with `to()` can lead to inconsistent results; set `torch_dtype` in `from_pretrained()` instead to keep these modules in float32.
There are modules in AutoencoderKL that should be kept in float32: []. Casting directly with `to()` can lead to inconsistent results; set `torch_dtype` in `from_pretrained()` instead to keep these modules in float32.
The first timestep on the custom timestep schedule is 399, not `self.config.num_train_timesteps - 1`: 999. You may get unexpected results when using this timestep schedule.
There are modules in AutoencoderKL that should be kept in float32: []. Casting directly with `to()` can lead to inconsistent results; set `torch_dtype` in `from_pretrained()` instead to keep these modules in float32.
There are modules in AutoencoderKL that should be kept in float32: []. Casting directly with `to()` can lead to inconsistent results; set `torch_dtype` in `from_pretrained()` instead to keep these modules in float32.
The first timestep on the custom timestep schedule is 399, not `self.config.num_train_timesteps - 1`: 999. You may get unexpected results when using this timestep schedule.
There are modules in AutoencoderKL that should be kept in float32: []. Casting directly with `to()` can lead to inconsistent results; set `torch_dtype` in `from_pretrained()` instead to keep these modules in float32.
There are modules in AutoencoderKL that should be kept in float32: []. Casting directly with `to()` can lead to inconsistent results; set `torch_dtype` in `from_pretrained()` instead to keep these modules in float32.
The first timestep on the custom timestep schedule is 399, not `self.config.num_train_timesteps - 1`: 999. You may get unexpected results when using this timestep schedule.
There are modules in AutoencoderKL that should be kept in float32: []. Casting directly with `to()` can lead to inconsistent results; set `torch_dtype` in `from_pretrained()` instead to keep these modules in float32.
There are modules in AutoencoderKL that should be kept in float32: []. Casting directly with `to()` can lead to inconsistent results; set `torch_dtype` in `from_pretrained()` instead to keep these modules in float32.
The first timestep on the custom timestep schedule is 399, not `self.config.num_train_timesteps - 1`: 999. You may get unexpected results when using this timestep schedule.
There are modules in AutoencoderKL that should be kept in float32: []. Casting directly with `to()` can lead to inconsistent results; set `torch_dtype` in `from_pretrained()` instead to keep these modules in float32.
There are modules in AutoencoderKL that should be kept in float32: []. Casting directly with `to()` can lead to inconsistent results; set `torch_dtype` in `from_pretrained()` instead to keep these modules in float32.
The first timestep on the custom timestep schedule is 399, not `self.config.num_train_timesteps - 1`: 999. You may get unexpected results when using this timestep schedule.
There are modules in AutoencoderKL that should be kept in float32: []. Casting directly with `to()` can lead to inconsistent results; set `torch_dtype` in `from_pretrained()` instead to keep these modules in float32.
There are modules in AutoencoderKL that should be kept in float32: []. Casting directly with `to()` can lead to inconsistent results; set `torch_dtype` in `from_pretrained()` instead to keep these modules in float32.
The first timestep on the custom timestep schedule is 399, not `self.config.num_train_timesteps - 1`: 999. You may get unexpected results when using this timestep schedule.
There are modules in AutoencoderKL that should be kept in float32: []. Casting directly with `to()` can lead to inconsistent results; set `torch_dtype` in `from_pretrained()` instead to keep these modules in float32.
There are modules in AutoencoderKL that should be kept in float32: []. Casting directly with `to()` can lead to inconsistent results; set `torch_dtype` in `from_pretrained()` instead to keep these modules in float32.
The first timestep on the custom timestep schedule is 399, not `self.config.num_train_timesteps - 1`: 999. You may get unexpected results when using this timestep schedule.
There are modules in AutoencoderKL that should be kept in float32: []. Casting directly with `to()` can lead to inconsistent results; set `torch_dtype` in `from_pretrained()` instead to keep these modules in float32.
There are modules in AutoencoderKL that should be kept in float32: []. Casting directly with `to()` can lead to inconsistent results; set `torch_dtype` in `from_pretrained()` instead to keep these modules in float32.
The first timestep on the custom timestep schedule is 399, not `self.config.num_train_timesteps - 1`: 999. You may get unexpected results when using this timestep schedule.
There are modules in AutoencoderKL that should be kept in float32: []. Casting directly with `to()` can lead to inconsistent results; set `torch_dtype` in `from_pretrained()` instead to keep these modules in float32.
There are modules in AutoencoderKL that should be kept in float32: []. Casting directly with `to()` can lead to inconsistent results; set `torch_dtype` in `from_pretrained()` instead to keep these modules in float32.
The first timestep on the custom timestep schedule is 399, not `self.config.num_train_timesteps - 1`: 999. You may get unexpected results when using this timestep schedule.
There are modules in AutoencoderKL that should be kept in float32: []. Casting directly with `to()` can lead to inconsistent results; set `torch_dtype` in `from_pretrained()` instead to keep these modules in float32.
There are modules in AutoencoderKL that should be kept in float32: []. Casting directly with `to()` can lead to inconsistent results; set `torch_dtype` in `from_pretrained()` instead to keep these modules in float32.
The first timestep on the custom timestep schedule is 399, not `self.config.num_train_timesteps - 1`: 999. You may get unexpected results when using this timestep schedule.
There are modules in AutoencoderKL that should be kept in float32: []. Casting directly with `to()` can lead to inconsistent results; set `torch_dtype` in `from_pretrained()` instead to keep these modules in float32.
There are modules in AutoencoderKL that should be kept in float32: []. Casting directly with `to()` can lead to inconsistent results; set `torch_dtype` in `from_pretrained()` instead to keep these modules in float32.
The first timestep on the custom timestep schedule is 399, not `self.config.num_train_timesteps - 1`: 999. You may get unexpected results when using this timestep schedule.
There are modules in AutoencoderKL that should be kept in float32: []. Casting directly with `to()` can lead to inconsistent results; set `torch_dtype` in `from_pretrained()` instead to keep these modules in float32.
There are modules in AutoencoderKL that should be kept in float32: []. Casting directly with `to()` can lead to inconsistent results; set `torch_dtype` in `from_pretrained()` instead to keep these modules in float32.
The first timestep on the custom timestep schedule is 399, not `self.config.num_train_timesteps - 1`: 999. You may get unexpected results when using this timestep schedule.
There are modules in AutoencoderKL that should be kept in float32: []. Casting directly with `to()` can lead to inconsistent results; set `torch_dtype` in `from_pretrained()` instead to keep these modules in float32.
There are modules in AutoencoderKL that should be kept in float32: []. Casting directly with `to()` can lead to inconsistent results; set `torch_dtype` in `from_pretrained()` instead to keep these modules in float32.
id2_sunglasses 1-step              arcface +0.315±0.079 nan=0 | dino 0.605 | P(attr) 0.94 P(beach) 0.08
There are modules in AutoencoderKL that should be kept in float32: []. Casting directly with `to()` can lead to inconsistent results; set `torch_dtype` in `from_pretrained()` instead to keep these modules in float32.
There are modules in AutoencoderKL that should be kept in float32: []. Casting directly with `to()` can lead to inconsistent results; set `torch_dtype` in `from_pretrained()` instead to keep these modules in float32.
The first timestep on the custom timestep schedule is 399, not `self.config.num_train_timesteps - 1`: 999. You may get unexpected results when using this timestep schedule.
There are modules in AutoencoderKL that should be kept in float32: []. Casting directly with `to()` can lead to inconsistent results; set `torch_dtype` in `from_pretrained()` instead to keep these modules in float32.
There are modules in AutoencoderKL that should be kept in float32: []. Casting directly with `to()` can lead to inconsistent results; set `torch_dtype` in `from_pretrained()` instead to keep these modules in float32.
The first timestep on the custom timestep schedule is 399, not `self.config.num_train_timesteps - 1`: 999. You may get unexpected results when using this timestep schedule.
There are modules in AutoencoderKL that should be kept in float32: []. Casting directly with `to()` can lead to inconsistent results; set `torch_dtype` in `from_pretrained()` instead to keep these modules in float32.
There are modules in AutoencoderKL that should be kept in float32: []. Casting directly with `to()` can lead to inconsistent results; set `torch_dtype` in `from_pretrained()` instead to keep these modules in float32.
The first timestep on the custom timestep schedule is 399, not `self.config.num_train_timesteps - 1`: 999. You may get unexpected results when using this timestep schedule.
There are modules in AutoencoderKL that should be kept in float32: []. Casting directly with `to()` can lead to inconsistent results; set `torch_dtype` in `from_pretrained()` instead to keep these modules in float32.
There are modules in AutoencoderKL that should be kept in float32: []. Casting directly with `to()` can lead to inconsistent results; set `torch_dtype` in `from_pretrained()` instead to keep these modules in float32.
The first timestep on the custom timestep schedule is 399, not `self.config.num_train_timesteps - 1`: 999. You may get unexpected results when using this timestep schedule.
There are modules in AutoencoderKL that should be kept in float32: []. Casting directly with `to()` can lead to inconsistent results; set `torch_dtype` in `from_pretrained()` instead to keep these modules in float32.
There are modules in AutoencoderKL that should be kept in float32: []. Casting directly with `to()` can lead to inconsistent results; set `torch_dtype` in `from_pretrained()` instead to keep these modules in float32.
The first timestep on the custom timestep schedule is 399, not `self.config.num_train_timesteps - 1`: 999. You may get unexpected results when using this timestep schedule.
There are modules in AutoencoderKL that should be kept in float32: []. Casting directly with `to()` can lead to inconsistent results; set `torch_dtype` in `from_pretrained()` instead to keep these modules in float32.
There are modules in AutoencoderKL that should be kept in float32: []. Casting directly with `to()` can lead to inconsistent results; set `torch_dtype` in `from_pretrained()` instead to keep these modules in float32.
The first timestep on the custom timestep schedule is 399, not `self.config.num_train_timesteps - 1`: 999. You may get unexpected results when using this timestep schedule.
There are modules in AutoencoderKL that should be kept in float32: []. Casting directly with `to()` can lead to inconsistent results; set `torch_dtype` in `from_pretrained()` instead to keep these modules in float32.
There are modules in AutoencoderKL that should be kept in float32: []. Casting directly with `to()` can lead to inconsistent results; set `torch_dtype` in `from_pretrained()` instead to keep these modules in float32.
The first timestep on the custom timestep schedule is 399, not `self.config.num_train_timesteps - 1`: 999. You may get unexpected results when using this timestep schedule.
There are modules in AutoencoderKL that should be kept in float32: []. Casting directly with `to()` can lead to inconsistent results; set `torch_dtype` in `from_pretrained()` instead to keep these modules in float32.
There are modules in AutoencoderKL that should be kept in float32: []. Casting directly with `to()` can lead to inconsistent results; set `torch_dtype` in `from_pretrained()` instead to keep these modules in float32.
The first timestep on the custom timestep schedule is 399, not `self.config.num_train_timesteps - 1`: 999. You may get unexpected results when using this timestep schedule.
There are modules in AutoencoderKL that should be kept in float32: []. Casting directly with `to()` can lead to inconsistent results; set `torch_dtype` in `from_pretrained()` instead to keep these modules in float32.
There are modules in AutoencoderKL that should be kept in float32: []. Casting directly with `to()` can lead to inconsistent results; set `torch_dtype` in `from_pretrained()` instead to keep these modules in float32.
The first timestep on the custom timestep schedule is 399, not `self.config.num_train_timesteps - 1`: 999. You may get unexpected results when using this timestep schedule.
There are modules in AutoencoderKL that should be kept in float32: []. Casting directly with `to()` can lead to inconsistent results; set `torch_dtype` in `from_pretrained()` instead to keep these modules in float32.
There are modules in AutoencoderKL that should be kept in float32: []. Casting directly with `to()` can lead to inconsistent results; set `torch_dtype` in `from_pretrained()` instead to keep these modules in float32.
The first timestep on the custom timestep schedule is 399, not `self.config.num_train_timesteps - 1`: 999. You may get unexpected results when using this timestep schedule.
There are modules in AutoencoderKL that should be kept in float32: []. Casting directly with `to()` can lead to inconsistent results; set `torch_dtype` in `from_pretrained()` instead to keep these modules in float32.
There are modules in AutoencoderKL that should be kept in float32: []. Casting directly with `to()` can lead to inconsistent results; set `torch_dtype` in `from_pretrained()` instead to keep these modules in float32.
The first timestep on the custom timestep schedule is 399, not `self.config.num_train_timesteps - 1`: 999. You may get unexpected results when using this timestep schedule.
There are modules in AutoencoderKL that should be kept in float32: []. Casting directly with `to()` can lead to inconsistent results; set `torch_dtype` in `from_pretrained()` instead to keep these modules in float32.
There are modules in AutoencoderKL that should be kept in float32: []. Casting directly with `to()` can lead to inconsistent results; set `torch_dtype` in `from_pretrained()` instead to keep these modules in float32.
The first timestep on the custom timestep schedule is 399, not `self.config.num_train_timesteps - 1`: 999. You may get unexpected results when using this timestep schedule.
There are modules in AutoencoderKL that should be kept in float32: []. Casting directly with `to()` can lead to inconsistent results; set `torch_dtype` in `from_pretrained()` instead to keep these modules in float32.
There are modules in AutoencoderKL that should be kept in float32: []. Casting directly with `to()` can lead to inconsistent results; set `torch_dtype` in `from_pretrained()` instead to keep these modules in float32.
The first timestep on the custom timestep schedule is 399, not `self.config.num_train_timesteps - 1`: 999. You may get unexpected results when using this timestep schedule.
There are modules in AutoencoderKL that should be kept in float32: []. Casting directly with `to()` can lead to inconsistent results; set `torch_dtype` in `from_pretrained()` instead to keep these modules in float32.
There are modules in AutoencoderKL that should be kept in float32: []. Casting directly with `to()` can lead to inconsistent results; set `torch_dtype` in `from_pretrained()` instead to keep these modules in float32.
The first timestep on the custom timestep schedule is 399, not `self.config.num_train_timesteps - 1`: 999. You may get unexpected results when using this timestep schedule.
There are modules in AutoencoderKL that should be kept in float32: []. Casting directly with `to()` can lead to inconsistent results; set `torch_dtype` in `from_pretrained()` instead to keep these modules in float32.
There are modules in AutoencoderKL that should be kept in float32: []. Casting directly with `to()` can lead to inconsistent results; set `torch_dtype` in `from_pretrained()` instead to keep these modules in float32.
The first timestep on the custom timestep schedule is 399, not `self.config.num_train_timesteps - 1`: 999. You may get unexpected results when using this timestep schedule.
There are modules in AutoencoderKL that should be kept in float32: []. Casting directly with `to()` can lead to inconsistent results; set `torch_dtype` in `from_pretrained()` instead to keep these modules in float32.
There are modules in AutoencoderKL that should be kept in float32: []. Casting directly with `to()` can lead to inconsistent results; set `torch_dtype` in `from_pretrained()` instead to keep these modules in float32.
The first timestep on the custom timestep schedule is 399, not `self.config.num_train_timesteps - 1`: 999. You may get unexpected results when using this timestep schedule.
There are modules in AutoencoderKL that should be kept in float32: []. Casting directly with `to()` can lead to inconsistent results; set `torch_dtype` in `from_pretrained()` instead to keep these modules in float32.
There are modules in AutoencoderKL that should be kept in float32: []. Casting directly with `to()` can lead to inconsistent results; set `torch_dtype` in `from_pretrained()` instead to keep these modules in float32.
The first timestep on the custom timestep schedule is 399, not `self.config.num_train_timesteps - 1`: 999. You may get unexpected results when using this timestep schedule.
There are modules in AutoencoderKL that should be kept in float32: []. Casting directly with `to()` can lead to inconsistent results; set `torch_dtype` in `from_pretrained()` instead to keep these modules in float32.
There are modules in AutoencoderKL that should be kept in float32: []. Casting directly with `to()` can lead to inconsistent results; set `torch_dtype` in `from_pretrained()` instead to keep these modules in float32.
The first timestep on the custom timestep schedule is 399, not `self.config.num_train_timesteps - 1`: 999. You may get unexpected results when using this timestep schedule.
There are modules in AutoencoderKL that should be kept in float32: []. Casting directly with `to()` can lead to inconsistent results; set `torch_dtype` in `from_pretrained()` instead to keep these modules in float32.
There are modules in AutoencoderKL that should be kept in float32: []. Casting directly with `to()` can lead to inconsistent results; set `torch_dtype` in `from_pretrained()` instead to keep these modules in float32.
The first timestep on the custom timestep schedule is 399, not `self.config.num_train_timesteps - 1`: 999. You may get unexpected results when using this timestep schedule.
There are modules in AutoencoderKL that should be kept in float32: []. Casting directly with `to()` can lead to inconsistent results; set `torch_dtype` in `from_pretrained()` instead to keep these modules in float32.
There are modules in AutoencoderKL that should be kept in float32: []. Casting directly with `to()` can lead to inconsistent results; set `torch_dtype` in `from_pretrained()` instead to keep these modules in float32.
The first timestep on the custom timestep schedule is 399, not `self.config.num_train_timesteps - 1`: 999. You may get unexpected results when using this timestep schedule.
There are modules in AutoencoderKL that should be kept in float32: []. Casting directly with `to()` can lead to inconsistent results; set `torch_dtype` in `from_pretrained()` instead to keep these modules in float32.
There are modules in AutoencoderKL that should be kept in float32: []. Casting directly with `to()` can lead to inconsistent results; set `torch_dtype` in `from_pretrained()` instead to keep these modules in float32.
id2_sunglasses a_gray θ45          arcface +0.524±0.038 nan=0 | dino 0.800 | P(attr) 0.63 P(beach) 0.00
There are modules in AutoencoderKL that should be kept in float32: []. Casting directly with `to()` can lead to inconsistent results; set `torch_dtype` in `from_pretrained()` instead to keep these modules in float32.
There are modules in AutoencoderKL that should be kept in float32: []. Casting directly with `to()` can lead to inconsistent results; set `torch_dtype` in `from_pretrained()` instead to keep these modules in float32.
The first timestep on the custom timestep schedule is 399, not `self.config.num_train_timesteps - 1`: 999. You may get unexpected results when using this timestep schedule.
There are modules in AutoencoderKL that should be kept in float32: []. Casting directly with `to()` can lead to inconsistent results; set `torch_dtype` in `from_pretrained()` instead to keep these modules in float32.
There are modules in AutoencoderKL that should be kept in float32: []. Casting directly with `to()` can lead to inconsistent results; set `torch_dtype` in `from_pretrained()` instead to keep these modules in float32.
The first timestep on the custom timestep schedule is 399, not `self.config.num_train_timesteps - 1`: 999. You may get unexpected results when using this timestep schedule.
There are modules in AutoencoderKL that should be kept in float32: []. Casting directly with `to()` can lead to inconsistent results; set `torch_dtype` in `from_pretrained()` instead to keep these modules in float32.
There are modules in AutoencoderKL that should be kept in float32: []. Casting directly with `to()` can lead to inconsistent results; set `torch_dtype` in `from_pretrained()` instead to keep these modules in float32.
The first timestep on the custom timestep schedule is 399, not `self.config.num_train_timesteps - 1`: 999. You may get unexpected results when using this timestep schedule.
There are modules in AutoencoderKL that should be kept in float32: []. Casting directly with `to()` can lead to inconsistent results; set `torch_dtype` in `from_pretrained()` instead to keep these modules in float32.
There are modules in AutoencoderKL that should be kept in float32: []. Casting directly with `to()` can lead to inconsistent results; set `torch_dtype` in `from_pretrained()` instead to keep these modules in float32.
The first timestep on the custom timestep schedule is 399, not `self.config.num_train_timesteps - 1`: 999. You may get unexpected results when using this timestep schedule.
There are modules in AutoencoderKL that should be kept in float32: []. Casting directly with `to()` can lead to inconsistent results; set `torch_dtype` in `from_pretrained()` instead to keep these modules in float32.
There are modules in AutoencoderKL that should be kept in float32: []. Casting directly with `to()` can lead to inconsistent results; set `torch_dtype` in `from_pretrained()` instead to keep these modules in float32.
The first timestep on the custom timestep schedule is 399, not `self.config.num_train_timesteps - 1`: 999. You may get unexpected results when using this timestep schedule.
There are modules in AutoencoderKL that should be kept in float32: []. Casting directly with `to()` can lead to inconsistent results; set `torch_dtype` in `from_pretrained()` instead to keep these modules in float32.
There are modules in AutoencoderKL that should be kept in float32: []. Casting directly with `to()` can lead to inconsistent results; set `torch_dtype` in `from_pretrained()` instead to keep these modules in float32.
The first timestep on the custom timestep schedule is 399, not `self.config.num_train_timesteps - 1`: 999. You may get unexpected results when using this timestep schedule.
There are modules in AutoencoderKL that should be kept in float32: []. Casting directly with `to()` can lead to inconsistent results; set `torch_dtype` in `from_pretrained()` instead to keep these modules in float32.
There are modules in AutoencoderKL that should be kept in float32: []. Casting directly with `to()` can lead to inconsistent results; set `torch_dtype` in `from_pretrained()` instead to keep these modules in float32.
The first timestep on the custom timestep schedule is 399, not `self.config.num_train_timesteps - 1`: 999. You may get unexpected results when using this timestep schedule.
There are modules in AutoencoderKL that should be kept in float32: []. Casting directly with `to()` can lead to inconsistent results; set `torch_dtype` in `from_pretrained()` instead to keep these modules in float32.
There are modules in AutoencoderKL that should be kept in float32: []. Casting directly with `to()` can lead to inconsistent results; set `torch_dtype` in `from_pretrained()` instead to keep these modules in float32.
The first timestep on the custom timestep schedule is 399, not `self.config.num_train_timesteps - 1`: 999. You may get unexpected results when using this timestep schedule.
There are modules in AutoencoderKL that should be kept in float32: []. Casting directly with `to()` can lead to inconsistent results; set `torch_dtype` in `from_pretrained()` instead to keep these modules in float32.
There are modules in AutoencoderKL that should be kept in float32: []. Casting directly with `to()` can lead to inconsistent results; set `torch_dtype` in `from_pretrained()` instead to keep these modules in float32.
The first timestep on the custom timestep schedule is 399, not `self.config.num_train_timesteps - 1`: 999. You may get unexpected results when using this timestep schedule.
There are modules in AutoencoderKL that should be kept in float32: []. Casting directly with `to()` can lead to inconsistent results; set `torch_dtype` in `from_pretrained()` instead to keep these modules in float32.
There are modules in AutoencoderKL that should be kept in float32: []. Casting directly with `to()` can lead to inconsistent results; set `torch_dtype` in `from_pretrained()` instead to keep these modules in float32.
The first timestep on the custom timestep schedule is 399, not `self.config.num_train_timesteps - 1`: 999. You may get unexpected results when using this timestep schedule.
There are modules in AutoencoderKL that should be kept in float32: []. Casting directly with `to()` can lead to inconsistent results; set `torch_dtype` in `from_pretrained()` instead to keep these modules in float32.
There are modules in AutoencoderKL that should be kept in float32: []. Casting directly with `to()` can lead to inconsistent results; set `torch_dtype` in `from_pretrained()` instead to keep these modules in float32.
The first timestep on the custom timestep schedule is 399, not `self.config.num_train_timesteps - 1`: 999. You may get unexpected results when using this timestep schedule.
There are modules in AutoencoderKL that should be kept in float32: []. Casting directly with `to()` can lead to inconsistent results; set `torch_dtype` in `from_pretrained()` instead to keep these modules in float32.
There are modules in AutoencoderKL that should be kept in float32: []. Casting directly with `to()` can lead to inconsistent results; set `torch_dtype` in `from_pretrained()` instead to keep these modules in float32.
The first timestep on the custom timestep schedule is 399, not `self.config.num_train_timesteps - 1`: 999. You may get unexpected results when using this timestep schedule.
There are modules in AutoencoderKL that should be kept in float32: []. Casting directly with `to()` can lead to inconsistent results; set `torch_dtype` in `from_pretrained()` instead to keep these modules in float32.
There are modules in AutoencoderKL that should be kept in float32: []. Casting directly with `to()` can lead to inconsistent results; set `torch_dtype` in `from_pretrained()` instead to keep these modules in float32.
The first timestep on the custom timestep schedule is 399, not `self.config.num_train_timesteps - 1`: 999. You may get unexpected results when using this timestep schedule.
There are modules in AutoencoderKL that should be kept in float32: []. Casting directly with `to()` can lead to inconsistent results; set `torch_dtype` in `from_pretrained()` instead to keep these modules in float32.
There are modules in AutoencoderKL that should be kept in float32: []. Casting directly with `to()` can lead to inconsistent results; set `torch_dtype` in `from_pretrained()` instead to keep these modules in float32.
The first timestep on the custom timestep schedule is 399, not `self.config.num_train_timesteps - 1`: 999. You may get unexpected results when using this timestep schedule.
There are modules in AutoencoderKL that should be kept in float32: []. Casting directly with `to()` can lead to inconsistent results; set `torch_dtype` in `from_pretrained()` instead to keep these modules in float32.
There are modules in AutoencoderKL that should be kept in float32: []. Casting directly with `to()` can lead to inconsistent results; set `torch_dtype` in `from_pretrained()` instead to keep these modules in float32.
The first timestep on the custom timestep schedule is 399, not `self.config.num_train_timesteps - 1`: 999. You may get unexpected results when using this timestep schedule.
There are modules in AutoencoderKL that should be kept in float32: []. Casting directly with `to()` can lead to inconsistent results; set `torch_dtype` in `from_pretrained()` instead to keep these modules in float32.
There are modules in AutoencoderKL that should be kept in float32: []. Casting directly with `to()` can lead to inconsistent results; set `torch_dtype` in `from_pretrained()` instead to keep these modules in float32.
The first timestep on the custom timestep schedule is 399, not `self.config.num_train_timesteps - 1`: 999. You may get unexpected results when using this timestep schedule.
There are modules in AutoencoderKL that should be kept in float32: []. Casting directly with `to()` can lead to inconsistent results; set `torch_dtype` in `from_pretrained()` instead to keep these modules in float32.
There are modules in AutoencoderKL that should be kept in float32: []. Casting directly with `to()` can lead to inconsistent results; set `torch_dtype` in `from_pretrained()` instead to keep these modules in float32.
The first timestep on the custom timestep schedule is 399, not `self.config.num_train_timesteps - 1`: 999. You may get unexpected results when using this timestep schedule.
There are modules in AutoencoderKL that should be kept in float32: []. Casting directly with `to()` can lead to inconsistent results; set `torch_dtype` in `from_pretrained()` instead to keep these modules in float32.
There are modules in AutoencoderKL that should be kept in float32: []. Casting directly with `to()` can lead to inconsistent results; set `torch_dtype` in `from_pretrained()` instead to keep these modules in float32.
The first timestep on the custom timestep schedule is 399, not `self.config.num_train_timesteps - 1`: 999. You may get unexpected results when using this timestep schedule.
There are modules in AutoencoderKL that should be kept in float32: []. Casting directly with `to()` can lead to inconsistent results; set `torch_dtype` in `from_pretrained()` instead to keep these modules in float32.
There are modules in AutoencoderKL that should be kept in float32: []. Casting directly with `to()` can lead to inconsistent results; set `torch_dtype` in `from_pretrained()` instead to keep these modules in float32.
The first timestep on the custom timestep schedule is 399, not `self.config.num_train_timesteps - 1`: 999. You may get unexpected results when using this timestep schedule.
There are modules in AutoencoderKL that should be kept in float32: []. Casting directly with `to()` can lead to inconsistent results; set `torch_dtype` in `from_pretrained()` instead to keep these modules in float32.
There are modules in AutoencoderKL that should be kept in float32: []. Casting directly with `to()` can lead to inconsistent results; set `torch_dtype` in `from_pretrained()` instead to keep these modules in float32.
The first timestep on the custom timestep schedule is 399, not `self.config.num_train_timesteps - 1`: 999. You may get unexpected results when using this timestep schedule.
There are modules in AutoencoderKL that should be kept in float32: []. Casting directly with `to()` can lead to inconsistent results; set `torch_dtype` in `from_pretrained()` instead to keep these modules in float32.
There are modules in AutoencoderKL that should be kept in float32: []. Casting directly with `to()` can lead to inconsistent results; set `torch_dtype` in `from_pretrained()` instead to keep these modules in float32.
id2_sunglasses edit_beach θ45      arcface +0.396±0.042 nan=0 | dino 0.671 | P(attr) 0.98 P(beach) 0.01
The first timestep on the custom timestep schedule is 399, not `self.config.num_train_timesteps - 1`: 999. You may get unexpected results when using this timestep schedule.
There are modules in AutoencoderKL that should be kept in float32: []. Casting directly with `to()` can lead to inconsistent results; set `torch_dtype` in `from_pretrained()` instead to keep these modules in float32.
There are modules in AutoencoderKL that should be kept in float32: []. Casting directly with `to()` can lead to inconsistent results; set `torch_dtype` in `from_pretrained()` instead to keep these modules in float32.
The first timestep on the custom timestep schedule is 399, not `self.config.num_train_timesteps - 1`: 999. You may get unexpected results when using this timestep schedule.
There are modules in AutoencoderKL that should be kept in float32: []. Casting directly with `to()` can lead to inconsistent results; set `torch_dtype` in `from_pretrained()` instead to keep these modules in float32.
There are modules in AutoencoderKL that should be kept in float32: []. Casting directly with `to()` can lead to inconsistent results; set `torch_dtype` in `from_pretrained()` instead to keep these modules in float32.
The first timestep on the custom timestep schedule is 399, not `self.config.num_train_timesteps - 1`: 999. You may get unexpected results when using this timestep schedule.
There are modules in AutoencoderKL that should be kept in float32: []. Casting directly with `to()` can lead to inconsistent results; set `torch_dtype` in `from_pretrained()` instead to keep these modules in float32.
There are modules in AutoencoderKL that should be kept in float32: []. Casting directly with `to()` can lead to inconsistent results; set `torch_dtype` in `from_pretrained()` instead to keep these modules in float32.
The first timestep on the custom timestep schedule is 399, not `self.config.num_train_timesteps - 1`: 999. You may get unexpected results when using this timestep schedule.
There are modules in AutoencoderKL that should be kept in float32: []. Casting directly with `to()` can lead to inconsistent results; set `torch_dtype` in `from_pretrained()` instead to keep these modules in float32.
There are modules in AutoencoderKL that should be kept in float32: []. Casting directly with `to()` can lead to inconsistent results; set `torch_dtype` in `from_pretrained()` instead to keep these modules in float32.
The first timestep on the custom timestep schedule is 399, not `self.config.num_train_timesteps - 1`: 999. You may get unexpected results when using this timestep schedule.
There are modules in AutoencoderKL that should be kept in float32: []. Casting directly with `to()` can lead to inconsistent results; set `torch_dtype` in `from_pretrained()` instead to keep these modules in float32.
There are modules in AutoencoderKL that should be kept in float32: []. Casting directly with `to()` can lead to inconsistent results; set `torch_dtype` in `from_pretrained()` instead to keep these modules in float32.
The first timestep on the custom timestep schedule is 399, not `self.config.num_train_timesteps - 1`: 999. You may get unexpected results when using this timestep schedule.
There are modules in AutoencoderKL that should be kept in float32: []. Casting directly with `to()` can lead to inconsistent results; set `torch_dtype` in `from_pretrained()` instead to keep these modules in float32.
There are modules in AutoencoderKL that should be kept in float32: []. Casting directly with `to()` can lead to inconsistent results; set `torch_dtype` in `from_pretrained()` instead to keep these modules in float32.
The first timestep on the custom timestep schedule is 399, not `self.config.num_train_timesteps - 1`: 999. You may get unexpected results when using this timestep schedule.
There are modules in AutoencoderKL that should be kept in float32: []. Casting directly with `to()` can lead to inconsistent results; set `torch_dtype` in `from_pretrained()` instead to keep these modules in float32.
There are modules in AutoencoderKL that should be kept in float32: []. Casting directly with `to()` can lead to inconsistent results; set `torch_dtype` in `from_pretrained()` instead to keep these modules in float32.
The first timestep on the custom timestep schedule is 399, not `self.config.num_train_timesteps - 1`: 999. You may get unexpected results when using this timestep schedule.
There are modules in AutoencoderKL that should be kept in float32: []. Casting directly with `to()` can lead to inconsistent results; set `torch_dtype` in `from_pretrained()` instead to keep these modules in float32.
There are modules in AutoencoderKL that should be kept in float32: []. Casting directly with `to()` can lead to inconsistent results; set `torch_dtype` in `from_pretrained()` instead to keep these modules in float32.
The first timestep on the custom timestep schedule is 399, not `self.config.num_train_timesteps - 1`: 999. You may get unexpected results when using this timestep schedule.
There are modules in AutoencoderKL that should be kept in float32: []. Casting directly with `to()` can lead to inconsistent results; set `torch_dtype` in `from_pretrained()` instead to keep these modules in float32.
There are modules in AutoencoderKL that should be kept in float32: []. Casting directly with `to()` can lead to inconsistent results; set `torch_dtype` in `from_pretrained()` instead to keep these modules in float32.
The first timestep on the custom timestep schedule is 399, not `self.config.num_train_timesteps - 1`: 999. You may get unexpected results when using this timestep schedule.
There are modules in AutoencoderKL that should be kept in float32: []. Casting directly with `to()` can lead to inconsistent results; set `torch_dtype` in `from_pretrained()` instead to keep these modules in float32.
There are modules in AutoencoderKL that should be kept in float32: []. Casting directly with `to()` can lead to inconsistent results; set `torch_dtype` in `from_pretrained()` instead to keep these modules in float32.
The first timestep on the custom timestep schedule is 399, not `self.config.num_train_timesteps - 1`: 999. You may get unexpected results when using this timestep schedule.
There are modules in AutoencoderKL that should be kept in float32: []. Casting directly with `to()` can lead to inconsistent results; set `torch_dtype` in `from_pretrained()` instead to keep these modules in float32.
There are modules in AutoencoderKL that should be kept in float32: []. Casting directly with `to()` can lead to inconsistent results; set `torch_dtype` in `from_pretrained()` instead to keep these modules in float32.
The first timestep on the custom timestep schedule is 399, not `self.config.num_train_timesteps - 1`: 999. You may get unexpected results when using this timestep schedule.
There are modules in AutoencoderKL that should be kept in float32: []. Casting directly with `to()` can lead to inconsistent results; set `torch_dtype` in `from_pretrained()` instead to keep these modules in float32.
There are modules in AutoencoderKL that should be kept in float32: []. Casting directly with `to()` can lead to inconsistent results; set `torch_dtype` in `from_pretrained()` instead to keep these modules in float32.
The first timestep on the custom timestep schedule is 399, not `self.config.num_train_timesteps - 1`: 999. You may get unexpected results when using this timestep schedule.
There are modules in AutoencoderKL that should be kept in float32: []. Casting directly with `to()` can lead to inconsistent results; set `torch_dtype` in `from_pretrained()` instead to keep these modules in float32.
There are modules in AutoencoderKL that should be kept in float32: []. Casting directly with `to()` can lead to inconsistent results; set `torch_dtype` in `from_pretrained()` instead to keep these modules in float32.
The first timestep on the custom timestep schedule is 399, not `self.config.num_train_timesteps - 1`: 999. You may get unexpected results when using this timestep schedule.
There are modules in AutoencoderKL that should be kept in float32: []. Casting directly with `to()` can lead to inconsistent results; set `torch_dtype` in `from_pretrained()` instead to keep these modules in float32.
There are modules in AutoencoderKL that should be kept in float32: []. Casting directly with `to()` can lead to inconsistent results; set `torch_dtype` in `from_pretrained()` instead to keep these modules in float32.
The first timestep on the custom timestep schedule is 399, not `self.config.num_train_timesteps - 1`: 999. You may get unexpected results when using this timestep schedule.
There are modules in AutoencoderKL that should be kept in float32: []. Casting directly with `to()` can lead to inconsistent results; set `torch_dtype` in `from_pretrained()` instead to keep these modules in float32.
There are modules in AutoencoderKL that should be kept in float32: []. Casting directly with `to()` can lead to inconsistent results; set `torch_dtype` in `from_pretrained()` instead to keep these modules in float32.
The first timestep on the custom timestep schedule is 399, not `self.config.num_train_timesteps - 1`: 999. You may get unexpected results when using this timestep schedule.
There are modules in AutoencoderKL that should be kept in float32: []. Casting directly with `to()` can lead to inconsistent results; set `torch_dtype` in `from_pretrained()` instead to keep these modules in float32.
There are modules in AutoencoderKL that should be kept in float32: []. Casting directly with `to()` can lead to inconsistent results; set `torch_dtype` in `from_pretrained()` instead to keep these modules in float32.
The first timestep on the custom timestep schedule is 399, not `self.config.num_train_timesteps - 1`: 999. You may get unexpected results when using this timestep schedule.
There are modules in AutoencoderKL that should be kept in float32: []. Casting directly with `to()` can lead to inconsistent results; set `torch_dtype` in `from_pretrained()` instead to keep these modules in float32.
There are modules in AutoencoderKL that should be kept in float32: []. Casting directly with `to()` can lead to inconsistent results; set `torch_dtype` in `from_pretrained()` instead to keep these modules in float32.
The first timestep on the custom timestep schedule is 399, not `self.config.num_train_timesteps - 1`: 999. You may get unexpected results when using this timestep schedule.
There are modules in AutoencoderKL that should be kept in float32: []. Casting directly with `to()` can lead to inconsistent results; set `torch_dtype` in `from_pretrained()` instead to keep these modules in float32.
There are modules in AutoencoderKL that should be kept in float32: []. Casting directly with `to()` can lead to inconsistent results; set `torch_dtype` in `from_pretrained()` instead to keep these modules in float32.
The first timestep on the custom timestep schedule is 399, not `self.config.num_train_timesteps - 1`: 999. You may get unexpected results when using this timestep schedule.
There are modules in AutoencoderKL that should be kept in float32: []. Casting directly with `to()` can lead to inconsistent results; set `torch_dtype` in `from_pretrained()` instead to keep these modules in float32.
There are modules in AutoencoderKL that should be kept in float32: []. Casting directly with `to()` can lead to inconsistent results; set `torch_dtype` in `from_pretrained()` instead to keep these modules in float32.
The first timestep on the custom timestep schedule is 399, not `self.config.num_train_timesteps - 1`: 999. You may get unexpected results when using this timestep schedule.
There are modules in AutoencoderKL that should be kept in float32: []. Casting directly with `to()` can lead to inconsistent results; set `torch_dtype` in `from_pretrained()` instead to keep these modules in float32.
There are modules in AutoencoderKL that should be kept in float32: []. Casting directly with `to()` can lead to inconsistent results; set `torch_dtype` in `from_pretrained()` instead to keep these modules in float32.
id1_redhat 1-step                  arcface +0.226±0.097 nan=0 | dino 0.524 | P(attr) 0.97 P(beach) 0.35
There are modules in AutoencoderKL that should be kept in float32: []. Casting directly with `to()` can lead to inconsistent results; set `torch_dtype` in `from_pretrained()` instead to keep these modules in float32.
There are modules in AutoencoderKL that should be kept in float32: []. Casting directly with `to()` can lead to inconsistent results; set `torch_dtype` in `from_pretrained()` instead to keep these modules in float32.
The first timestep on the custom timestep schedule is 399, not `self.config.num_train_timesteps - 1`: 999. You may get unexpected results when using this timestep schedule.
There are modules in AutoencoderKL that should be kept in float32: []. Casting directly with `to()` can lead to inconsistent results; set `torch_dtype` in `from_pretrained()` instead to keep these modules in float32.
There are modules in AutoencoderKL that should be kept in float32: []. Casting directly with `to()` can lead to inconsistent results; set `torch_dtype` in `from_pretrained()` instead to keep these modules in float32.
The first timestep on the custom timestep schedule is 399, not `self.config.num_train_timesteps - 1`: 999. You may get unexpected results when using this timestep schedule.
There are modules in AutoencoderKL that should be kept in float32: []. Casting directly with `to()` can lead to inconsistent results; set `torch_dtype` in `from_pretrained()` instead to keep these modules in float32.
There are modules in AutoencoderKL that should be kept in float32: []. Casting directly with `to()` can lead to inconsistent results; set `torch_dtype` in `from_pretrained()` instead to keep these modules in float32.
The first timestep on the custom timestep schedule is 399, not `self.config.num_train_timesteps - 1`: 999. You may get unexpected results when using this timestep schedule.
There are modules in AutoencoderKL that should be kept in float32: []. Casting directly with `to()` can lead to inconsistent results; set `torch_dtype` in `from_pretrained()` instead to keep these modules in float32.
There are modules in AutoencoderKL that should be kept in float32: []. Casting directly with `to()` can lead to inconsistent results; set `torch_dtype` in `from_pretrained()` instead to keep these modules in float32.
The first timestep on the custom timestep schedule is 399, not `self.config.num_train_timesteps - 1`: 999. You may get unexpected results when using this timestep schedule.
There are modules in AutoencoderKL that should be kept in float32: []. Casting directly with `to()` can lead to inconsistent results; set `torch_dtype` in `from_pretrained()` instead to keep these modules in float32.
There are modules in AutoencoderKL that should be kept in float32: []. Casting directly with `to()` can lead to inconsistent results; set `torch_dtype` in `from_pretrained()` instead to keep these modules in float32.
The first timestep on the custom timestep schedule is 399, not `self.config.num_train_timesteps - 1`: 999. You may get unexpected results when using this timestep schedule.
There are modules in AutoencoderKL that should be kept in float32: []. Casting directly with `to()` can lead to inconsistent results; set `torch_dtype` in `from_pretrained()` instead to keep these modules in float32.
There are modules in AutoencoderKL that should be kept in float32: []. Casting directly with `to()` can lead to inconsistent results; set `torch_dtype` in `from_pretrained()` instead to keep these modules in float32.
The first timestep on the custom timestep schedule is 399, not `self.config.num_train_timesteps - 1`: 999. You may get unexpected results when using this timestep schedule.
There are modules in AutoencoderKL that should be kept in float32: []. Casting directly with `to()` can lead to inconsistent results; set `torch_dtype` in `from_pretrained()` instead to keep these modules in float32.
There are modules in AutoencoderKL that should be kept in float32: []. Casting directly with `to()` can lead to inconsistent results; set `torch_dtype` in `from_pretrained()` instead to keep these modules in float32.
The first timestep on the custom timestep schedule is 399, not `self.config.num_train_timesteps - 1`: 999. You may get unexpected results when using this timestep schedule.
There are modules in AutoencoderKL that should be kept in float32: []. Casting directly with `to()` can lead to inconsistent results; set `torch_dtype` in `from_pretrained()` instead to keep these modules in float32.
There are modules in AutoencoderKL that should be kept in float32: []. Casting directly with `to()` can lead to inconsistent results; set `torch_dtype` in `from_pretrained()` instead to keep these modules in float32.
The first timestep on the custom timestep schedule is 399, not `self.config.num_train_timesteps - 1`: 999. You may get unexpected results when using this timestep schedule.
There are modules in AutoencoderKL that should be kept in float32: []. Casting directly with `to()` can lead to inconsistent results; set `torch_dtype` in `from_pretrained()` instead to keep these modules in float32.
There are modules in AutoencoderKL that should be kept in float32: []. Casting directly with `to()` can lead to inconsistent results; set `torch_dtype` in `from_pretrained()` instead to keep these modules in float32.
The first timestep on the custom timestep schedule is 399, not `self.config.num_train_timesteps - 1`: 999. You may get unexpected results when using this timestep schedule.
There are modules in AutoencoderKL that should be kept in float32: []. Casting directly with `to()` can lead to inconsistent results; set `torch_dtype` in `from_pretrained()` instead to keep these modules in float32.
There are modules in AutoencoderKL that should be kept in float32: []. Casting directly with `to()` can lead to inconsistent results; set `torch_dtype` in `from_pretrained()` instead to keep these modules in float32.
The first timestep on the custom timestep schedule is 399, not `self.config.num_train_timesteps - 1`: 999. You may get unexpected results when using this timestep schedule.
There are modules in AutoencoderKL that should be kept in float32: []. Casting directly with `to()` can lead to inconsistent results; set `torch_dtype` in `from_pretrained()` instead to keep these modules in float32.
There are modules in AutoencoderKL that should be kept in float32: []. Casting directly with `to()` can lead to inconsistent results; set `torch_dtype` in `from_pretrained()` instead to keep these modules in float32.
The first timestep on the custom timestep schedule is 399, not `self.config.num_train_timesteps - 1`: 999. You may get unexpected results when using this timestep schedule.
There are modules in AutoencoderKL that should be kept in float32: []. Casting directly with `to()` can lead to inconsistent results; set `torch_dtype` in `from_pretrained()` instead to keep these modules in float32.
There are modules in AutoencoderKL that should be kept in float32: []. Casting directly with `to()` can lead to inconsistent results; set `torch_dtype` in `from_pretrained()` instead to keep these modules in float32.
The first timestep on the custom timestep schedule is 399, not `self.config.num_train_timesteps - 1`: 999. You may get unexpected results when using this timestep schedule.
There are modules in AutoencoderKL that should be kept in float32: []. Casting directly with `to()` can lead to inconsistent results; set `torch_dtype` in `from_pretrained()` instead to keep these modules in float32.
There are modules in AutoencoderKL that should be kept in float32: []. Casting directly with `to()` can lead to inconsistent results; set `torch_dtype` in `from_pretrained()` instead to keep these modules in float32.
The first timestep on the custom timestep schedule is 399, not `self.config.num_train_timesteps - 1`: 999. You may get unexpected results when using this timestep schedule.
There are modules in AutoencoderKL that should be kept in float32: []. Casting directly with `to()` can lead to inconsistent results; set `torch_dtype` in `from_pretrained()` instead to keep these modules in float32.
There are modules in AutoencoderKL that should be kept in float32: []. Casting directly with `to()` can lead to inconsistent results; set `torch_dtype` in `from_pretrained()` instead to keep these modules in float32.
The first timestep on the custom timestep schedule is 399, not `self.config.num_train_timesteps - 1`: 999. You may get unexpected results when using this timestep schedule.
There are modules in AutoencoderKL that should be kept in float32: []. Casting directly with `to()` can lead to inconsistent results; set `torch_dtype` in `from_pretrained()` instead to keep these modules in float32.
There are modules in AutoencoderKL that should be kept in float32: []. Casting directly with `to()` can lead to inconsistent results; set `torch_dtype` in `from_pretrained()` instead to keep these modules in float32.
The first timestep on the custom timestep schedule is 399, not `self.config.num_train_timesteps - 1`: 999. You may get unexpected results when using this timestep schedule.
There are modules in AutoencoderKL that should be kept in float32: []. Casting directly with `to()` can lead to inconsistent results; set `torch_dtype` in `from_pretrained()` instead to keep these modules in float32.
There are modules in AutoencoderKL that should be kept in float32: []. Casting directly with `to()` can lead to inconsistent results; set `torch_dtype` in `from_pretrained()` instead to keep these modules in float32.
The first timestep on the custom timestep schedule is 399, not `self.config.num_train_timesteps - 1`: 999. You may get unexpected results when using this timestep schedule.
There are modules in AutoencoderKL that should be kept in float32: []. Casting directly with `to()` can lead to inconsistent results; set `torch_dtype` in `from_pretrained()` instead to keep these modules in float32.
There are modules in AutoencoderKL that should be kept in float32: []. Casting directly with `to()` can lead to inconsistent results; set `torch_dtype` in `from_pretrained()` instead to keep these modules in float32.
The first timestep on the custom timestep schedule is 399, not `self.config.num_train_timesteps - 1`: 999. You may get unexpected results when using this timestep schedule.
There are modules in AutoencoderKL that should be kept in float32: []. Casting directly with `to()` can lead to inconsistent results; set `torch_dtype` in `from_pretrained()` instead to keep these modules in float32.
There are modules in AutoencoderKL that should be kept in float32: []. Casting directly with `to()` can lead to inconsistent results; set `torch_dtype` in `from_pretrained()` instead to keep these modules in float32.
The first timestep on the custom timestep schedule is 399, not `self.config.num_train_timesteps - 1`: 999. You may get unexpected results when using this timestep schedule.
There are modules in AutoencoderKL that should be kept in float32: []. Casting directly with `to()` can lead to inconsistent results; set `torch_dtype` in `from_pretrained()` instead to keep these modules in float32.
There are modules in AutoencoderKL that should be kept in float32: []. Casting directly with `to()` can lead to inconsistent results; set `torch_dtype` in `from_pretrained()` instead to keep these modules in float32.
The first timestep on the custom timestep schedule is 399, not `self.config.num_train_timesteps - 1`: 999. You may get unexpected results when using this timestep schedule.
There are modules in AutoencoderKL that should be kept in float32: []. Casting directly with `to()` can lead to inconsistent results; set `torch_dtype` in `from_pretrained()` instead to keep these modules in float32.
There are modules in AutoencoderKL that should be kept in float32: []. Casting directly with `to()` can lead to inconsistent results; set `torch_dtype` in `from_pretrained()` instead to keep these modules in float32.
The first timestep on the custom timestep schedule is 399, not `self.config.num_train_timesteps - 1`: 999. You may get unexpected results when using this timestep schedule.
There are modules in AutoencoderKL that should be kept in float32: []. Casting directly with `to()` can lead to inconsistent results; set `torch_dtype` in `from_pretrained()` instead to keep these modules in float32.
There are modules in AutoencoderKL that should be kept in float32: []. Casting directly with `to()` can lead to inconsistent results; set `torch_dtype` in `from_pretrained()` instead to keep these modules in float32.
id1_redhat a_gray θ45              arcface +0.323±0.037 nan=0 | dino 0.589 | P(attr) 0.95 P(beach) 0.12
There are modules in AutoencoderKL that should be kept in float32: []. Casting directly with `to()` can lead to inconsistent results; set `torch_dtype` in `from_pretrained()` instead to keep these modules in float32.
There are modules in AutoencoderKL that should be kept in float32: []. Casting directly with `to()` can lead to inconsistent results; set `torch_dtype` in `from_pretrained()` instead to keep these modules in float32.
The first timestep on the custom timestep schedule is 399, not `self.config.num_train_timesteps - 1`: 999. You may get unexpected results when using this timestep schedule.
There are modules in AutoencoderKL that should be kept in float32: []. Casting directly with `to()` can lead to inconsistent results; set `torch_dtype` in `from_pretrained()` instead to keep these modules in float32.
There are modules in AutoencoderKL that should be kept in float32: []. Casting directly with `to()` can lead to inconsistent results; set `torch_dtype` in `from_pretrained()` instead to keep these modules in float32.
The first timestep on the custom timestep schedule is 399, not `self.config.num_train_timesteps - 1`: 999. You may get unexpected results when using this timestep schedule.
There are modules in AutoencoderKL that should be kept in float32: []. Casting directly with `to()` can lead to inconsistent results; set `torch_dtype` in `from_pretrained()` instead to keep these modules in float32.
There are modules in AutoencoderKL that should be kept in float32: []. Casting directly with `to()` can lead to inconsistent results; set `torch_dtype` in `from_pretrained()` instead to keep these modules in float32.
The first timestep on the custom timestep schedule is 399, not `self.config.num_train_timesteps - 1`: 999. You may get unexpected results when using this timestep schedule.
There are modules in AutoencoderKL that should be kept in float32: []. Casting directly with `to()` can lead to inconsistent results; set `torch_dtype` in `from_pretrained()` instead to keep these modules in float32.
There are modules in AutoencoderKL that should be kept in float32: []. Casting directly with `to()` can lead to inconsistent results; set `torch_dtype` in `from_pretrained()` instead to keep these modules in float32.
The first timestep on the custom timestep schedule is 399, not `self.config.num_train_timesteps - 1`: 999. You may get unexpected results when using this timestep schedule.
There are modules in AutoencoderKL that should be kept in float32: []. Casting directly with `to()` can lead to inconsistent results; set `torch_dtype` in `from_pretrained()` instead to keep these modules in float32.
There are modules in AutoencoderKL that should be kept in float32: []. Casting directly with `to()` can lead to inconsistent results; set `torch_dtype` in `from_pretrained()` instead to keep these modules in float32.
The first timestep on the custom timestep schedule is 399, not `self.config.num_train_timesteps - 1`: 999. You may get unexpected results when using this timestep schedule.
There are modules in AutoencoderKL that should be kept in float32: []. Casting directly with `to()` can lead to inconsistent results; set `torch_dtype` in `from_pretrained()` instead to keep these modules in float32.
There are modules in AutoencoderKL that should be kept in float32: []. Casting directly with `to()` can lead to inconsistent results; set `torch_dtype` in `from_pretrained()` instead to keep these modules in float32.
The first timestep on the custom timestep schedule is 399, not `self.config.num_train_timesteps - 1`: 999. You may get unexpected results when using this timestep schedule.
There are modules in AutoencoderKL that should be kept in float32: []. Casting directly with `to()` can lead to inconsistent results; set `torch_dtype` in `from_pretrained()` instead to keep these modules in float32.
There are modules in AutoencoderKL that should be kept in float32: []. Casting directly with `to()` can lead to inconsistent results; set `torch_dtype` in `from_pretrained()` instead to keep these modules in float32.
The first timestep on the custom timestep schedule is 399, not `self.config.num_train_timesteps - 1`: 999. You may get unexpected results when using this timestep schedule.
There are modules in AutoencoderKL that should be kept in float32: []. Casting directly with `to()` can lead to inconsistent results; set `torch_dtype` in `from_pretrained()` instead to keep these modules in float32.
There are modules in AutoencoderKL that should be kept in float32: []. Casting directly with `to()` can lead to inconsistent results; set `torch_dtype` in `from_pretrained()` instead to keep these modules in float32.
The first timestep on the custom timestep schedule is 399, not `self.config.num_train_timesteps - 1`: 999. You may get unexpected results when using this timestep schedule.
There are modules in AutoencoderKL that should be kept in float32: []. Casting directly with `to()` can lead to inconsistent results; set `torch_dtype` in `from_pretrained()` instead to keep these modules in float32.
There are modules in AutoencoderKL that should be kept in float32: []. Casting directly with `to()` can lead to inconsistent results; set `torch_dtype` in `from_pretrained()` instead to keep these modules in float32.
The first timestep on the custom timestep schedule is 399, not `self.config.num_train_timesteps - 1`: 999. You may get unexpected results when using this timestep schedule.
There are modules in AutoencoderKL that should be kept in float32: []. Casting directly with `to()` can lead to inconsistent results; set `torch_dtype` in `from_pretrained()` instead to keep these modules in float32.
There are modules in AutoencoderKL that should be kept in float32: []. Casting directly with `to()` can lead to inconsistent results; set `torch_dtype` in `from_pretrained()` instead to keep these modules in float32.
The first timestep on the custom timestep schedule is 399, not `self.config.num_train_timesteps - 1`: 999. You may get unexpected results when using this timestep schedule.
There are modules in AutoencoderKL that should be kept in float32: []. Casting directly with `to()` can lead to inconsistent results; set `torch_dtype` in `from_pretrained()` instead to keep these modules in float32.
There are modules in AutoencoderKL that should be kept in float32: []. Casting directly with `to()` can lead to inconsistent results; set `torch_dtype` in `from_pretrained()` instead to keep these modules in float32.
The first timestep on the custom timestep schedule is 399, not `self.config.num_train_timesteps - 1`: 999. You may get unexpected results when using this timestep schedule.
There are modules in AutoencoderKL that should be kept in float32: []. Casting directly with `to()` can lead to inconsistent results; set `torch_dtype` in `from_pretrained()` instead to keep these modules in float32.
There are modules in AutoencoderKL that should be kept in float32: []. Casting directly with `to()` can lead to inconsistent results; set `torch_dtype` in `from_pretrained()` instead to keep these modules in float32.
The first timestep on the custom timestep schedule is 399, not `self.config.num_train_timesteps - 1`: 999. You may get unexpected results when using this timestep schedule.
There are modules in AutoencoderKL that should be kept in float32: []. Casting directly with `to()` can lead to inconsistent results; set `torch_dtype` in `from_pretrained()` instead to keep these modules in float32.
There are modules in AutoencoderKL that should be kept in float32: []. Casting directly with `to()` can lead to inconsistent results; set `torch_dtype` in `from_pretrained()` instead to keep these modules in float32.
The first timestep on the custom timestep schedule is 399, not `self.config.num_train_timesteps - 1`: 999. You may get unexpected results when using this timestep schedule.
There are modules in AutoencoderKL that should be kept in float32: []. Casting directly with `to()` can lead to inconsistent results; set `torch_dtype` in `from_pretrained()` instead to keep these modules in float32.
There are modules in AutoencoderKL that should be kept in float32: []. Casting directly with `to()` can lead to inconsistent results; set `torch_dtype` in `from_pretrained()` instead to keep these modules in float32.
The first timestep on the custom timestep schedule is 399, not `self.config.num_train_timesteps - 1`: 999. You may get unexpected results when using this timestep schedule.
There are modules in AutoencoderKL that should be kept in float32: []. Casting directly with `to()` can lead to inconsistent results; set `torch_dtype` in `from_pretrained()` instead to keep these modules in float32.
There are modules in AutoencoderKL that should be kept in float32: []. Casting directly with `to()` can lead to inconsistent results; set `torch_dtype` in `from_pretrained()` instead to keep these modules in float32.
The first timestep on the custom timestep schedule is 399, not `self.config.num_train_timesteps - 1`: 999. You may get unexpected results when using this timestep schedule.
There are modules in AutoencoderKL that should be kept in float32: []. Casting directly with `to()` can lead to inconsistent results; set `torch_dtype` in `from_pretrained()` instead to keep these modules in float32.
There are modules in AutoencoderKL that should be kept in float32: []. Casting directly with `to()` can lead to inconsistent results; set `torch_dtype` in `from_pretrained()` instead to keep these modules in float32.
The first timestep on the custom timestep schedule is 399, not `self.config.num_train_timesteps - 1`: 999. You may get unexpected results when using this timestep schedule.
There are modules in AutoencoderKL that should be kept in float32: []. Casting directly with `to()` can lead to inconsistent results; set `torch_dtype` in `from_pretrained()` instead to keep these modules in float32.
There are modules in AutoencoderKL that should be kept in float32: []. Casting directly with `to()` can lead to inconsistent results; set `torch_dtype` in `from_pretrained()` instead to keep these modules in float32.
The first timestep on the custom timestep schedule is 399, not `self.config.num_train_timesteps - 1`: 999. You may get unexpected results when using this timestep schedule.
There are modules in AutoencoderKL that should be kept in float32: []. Casting directly with `to()` can lead to inconsistent results; set `torch_dtype` in `from_pretrained()` instead to keep these modules in float32.
There are modules in AutoencoderKL that should be kept in float32: []. Casting directly with `to()` can lead to inconsistent results; set `torch_dtype` in `from_pretrained()` instead to keep these modules in float32.
The first timestep on the custom timestep schedule is 399, not `self.config.num_train_timesteps - 1`: 999. You may get unexpected results when using this timestep schedule.
There are modules in AutoencoderKL that should be kept in float32: []. Casting directly with `to()` can lead to inconsistent results; set `torch_dtype` in `from_pretrained()` instead to keep these modules in float32.
There are modules in AutoencoderKL that should be kept in float32: []. Casting directly with `to()` can lead to inconsistent results; set `torch_dtype` in `from_pretrained()` instead to keep these modules in float32.
The first timestep on the custom timestep schedule is 399, not `self.config.num_train_timesteps - 1`: 999. You may get unexpected results when using this timestep schedule.
There are modules in AutoencoderKL that should be kept in float32: []. Casting directly with `to()` can lead to inconsistent results; set `torch_dtype` in `from_pretrained()` instead to keep these modules in float32.
There are modules in AutoencoderKL that should be kept in float32: []. Casting directly with `to()` can lead to inconsistent results; set `torch_dtype` in `from_pretrained()` instead to keep these modules in float32.
The first timestep on the custom timestep schedule is 399, not `self.config.num_train_timesteps - 1`: 999. You may get unexpected results when using this timestep schedule.
There are modules in AutoencoderKL that should be kept in float32: []. Casting directly with `to()` can lead to inconsistent results; set `torch_dtype` in `from_pretrained()` instead to keep these modules in float32.
There are modules in AutoencoderKL that should be kept in float32: []. Casting directly with `to()` can lead to inconsistent results; set `torch_dtype` in `from_pretrained()` instead to keep these modules in float32.
id1_redhat edit_beach θ45          arcface +0.287±0.062 nan=0 | dino 0.560 | P(attr) 0.86 P(beach) 0.48
The first timestep on the custom timestep schedule is 399, not `self.config.num_train_timesteps - 1`: 999. You may get unexpected results when using this timestep schedule.
There are modules in AutoencoderKL that should be kept in float32: []. Casting directly with `to()` can lead to inconsistent results; set `torch_dtype` in `from_pretrained()` instead to keep these modules in float32.
There are modules in AutoencoderKL that should be kept in float32: []. Casting directly with `to()` can lead to inconsistent results; set `torch_dtype` in `from_pretrained()` instead to keep these modules in float32.
The first timestep on the custom timestep schedule is 399, not `self.config.num_train_timesteps - 1`: 999. You may get unexpected results when using this timestep schedule.
There are modules in AutoencoderKL that should be kept in float32: []. Casting directly with `to()` can lead to inconsistent results; set `torch_dtype` in `from_pretrained()` instead to keep these modules in float32.
There are modules in AutoencoderKL that should be kept in float32: []. Casting directly with `to()` can lead to inconsistent results; set `torch_dtype` in `from_pretrained()` instead to keep these modules in float32.
The first timestep on the custom timestep schedule is 399, not `self.config.num_train_timesteps - 1`: 999. You may get unexpected results when using this timestep schedule.
There are modules in AutoencoderKL that should be kept in float32: []. Casting directly with `to()` can lead to inconsistent results; set `torch_dtype` in `from_pretrained()` instead to keep these modules in float32.
There are modules in AutoencoderKL that should be kept in float32: []. Casting directly with `to()` can lead to inconsistent results; set `torch_dtype` in `from_pretrained()` instead to keep these modules in float32.
The first timestep on the custom timestep schedule is 399, not `self.config.num_train_timesteps - 1`: 999. You may get unexpected results when using this timestep schedule.
There are modules in AutoencoderKL that should be kept in float32: []. Casting directly with `to()` can lead to inconsistent results; set `torch_dtype` in `from_pretrained()` instead to keep these modules in float32.
There are modules in AutoencoderKL that should be kept in float32: []. Casting directly with `to()` can lead to inconsistent results; set `torch_dtype` in `from_pretrained()` instead to keep these modules in float32.
The first timestep on the custom timestep schedule is 399, not `self.config.num_train_timesteps - 1`: 999. You may get unexpected results when using this timestep schedule.
There are modules in AutoencoderKL that should be kept in float32: []. Casting directly with `to()` can lead to inconsistent results; set `torch_dtype` in `from_pretrained()` instead to keep these modules in float32.
There are modules in AutoencoderKL that should be kept in float32: []. Casting directly with `to()` can lead to inconsistent results; set `torch_dtype` in `from_pretrained()` instead to keep these modules in float32.
The first timestep on the custom timestep schedule is 399, not `self.config.num_train_timesteps - 1`: 999. You may get unexpected results when using this timestep schedule.
There are modules in AutoencoderKL that should be kept in float32: []. Casting directly with `to()` can lead to inconsistent results; set `torch_dtype` in `from_pretrained()` instead to keep these modules in float32.
There are modules in AutoencoderKL that should be kept in float32: []. Casting directly with `to()` can lead to inconsistent results; set `torch_dtype` in `from_pretrained()` instead to keep these modules in float32.
The first timestep on the custom timestep schedule is 399, not `self.config.num_train_timesteps - 1`: 999. You may get unexpected results when using this timestep schedule.
There are modules in AutoencoderKL that should be kept in float32: []. Casting directly with `to()` can lead to inconsistent results; set `torch_dtype` in `from_pretrained()` instead to keep these modules in float32.
There are modules in AutoencoderKL that should be kept in float32: []. Casting directly with `to()` can lead to inconsistent results; set `torch_dtype` in `from_pretrained()` instead to keep these modules in float32.
The first timestep on the custom timestep schedule is 399, not `self.config.num_train_timesteps - 1`: 999. You may get unexpected results when using this timestep schedule.
There are modules in AutoencoderKL that should be kept in float32: []. Casting directly with `to()` can lead to inconsistent results; set `torch_dtype` in `from_pretrained()` instead to keep these modules in float32.
There are modules in AutoencoderKL that should be kept in float32: []. Casting directly with `to()` can lead to inconsistent results; set `torch_dtype` in `from_pretrained()` instead to keep these modules in float32.
The first timestep on the custom timestep schedule is 399, not `self.config.num_train_timesteps - 1`: 999. You may get unexpected results when using this timestep schedule.
There are modules in AutoencoderKL that should be kept in float32: []. Casting directly with `to()` can lead to inconsistent results; set `torch_dtype` in `from_pretrained()` instead to keep these modules in float32.
There are modules in AutoencoderKL that should be kept in float32: []. Casting directly with `to()` can lead to inconsistent results; set `torch_dtype` in `from_pretrained()` instead to keep these modules in float32.
The first timestep on the custom timestep schedule is 399, not `self.config.num_train_timesteps - 1`: 999. You may get unexpected results when using this timestep schedule.
There are modules in AutoencoderKL that should be kept in float32: []. Casting directly with `to()` can lead to inconsistent results; set `torch_dtype` in `from_pretrained()` instead to keep these modules in float32.
There are modules in AutoencoderKL that should be kept in float32: []. Casting directly with `to()` can lead to inconsistent results; set `torch_dtype` in `from_pretrained()` instead to keep these modules in float32.
The first timestep on the custom timestep schedule is 399, not `self.config.num_train_timesteps - 1`: 999. You may get unexpected results when using this timestep schedule.
There are modules in AutoencoderKL that should be kept in float32: []. Casting directly with `to()` can lead to inconsistent results; set `torch_dtype` in `from_pretrained()` instead to keep these modules in float32.
There are modules in AutoencoderKL that should be kept in float32: []. Casting directly with `to()` can lead to inconsistent results; set `torch_dtype` in `from_pretrained()` instead to keep these modules in float32.
The first timestep on the custom timestep schedule is 399, not `self.config.num_train_timesteps - 1`: 999. You may get unexpected results when using this timestep schedule.
There are modules in AutoencoderKL that should be kept in float32: []. Casting directly with `to()` can lead to inconsistent results; set `torch_dtype` in `from_pretrained()` instead to keep these modules in float32.
There are modules in AutoencoderKL that should be kept in float32: []. Casting directly with `to()` can lead to inconsistent results; set `torch_dtype` in `from_pretrained()` instead to keep these modules in float32.
The first timestep on the custom timestep schedule is 399, not `self.config.num_train_timesteps - 1`: 999. You may get unexpected results when using this timestep schedule.
There are modules in AutoencoderKL that should be kept in float32: []. Casting directly with `to()` can lead to inconsistent results; set `torch_dtype` in `from_pretrained()` instead to keep these modules in float32.
There are modules in AutoencoderKL that should be kept in float32: []. Casting directly with `to()` can lead to inconsistent results; set `torch_dtype` in `from_pretrained()` instead to keep these modules in float32.
The first timestep on the custom timestep schedule is 399, not `self.config.num_train_timesteps - 1`: 999. You may get unexpected results when using this timestep schedule.
There are modules in AutoencoderKL that should be kept in float32: []. Casting directly with `to()` can lead to inconsistent results; set `torch_dtype` in `from_pretrained()` instead to keep these modules in float32.
There are modules in AutoencoderKL that should be kept in float32: []. Casting directly with `to()` can lead to inconsistent results; set `torch_dtype` in `from_pretrained()` instead to keep these modules in float32.
The first timestep on the custom timestep schedule is 399, not `self.config.num_train_timesteps - 1`: 999. You may get unexpected results when using this timestep schedule.
There are modules in AutoencoderKL that should be kept in float32: []. Casting directly with `to()` can lead to inconsistent results; set `torch_dtype` in `from_pretrained()` instead to keep these modules in float32.
There are modules in AutoencoderKL that should be kept in float32: []. Casting directly with `to()` can lead to inconsistent results; set `torch_dtype` in `from_pretrained()` instead to keep these modules in float32.
The first timestep on the custom timestep schedule is 399, not `self.config.num_train_timesteps - 1`: 999. You may get unexpected results when using this timestep schedule.
There are modules in AutoencoderKL that should be kept in float32: []. Casting directly with `to()` can lead to inconsistent results; set `torch_dtype` in `from_pretrained()` instead to keep these modules in float32.
There are modules in AutoencoderKL that should be kept in float32: []. Casting directly with `to()` can lead to inconsistent results; set `torch_dtype` in `from_pretrained()` instead to keep these modules in float32.
The first timestep on the custom timestep schedule is 399, not `self.config.num_train_timesteps - 1`: 999. You may get unexpected results when using this timestep schedule.
There are modules in AutoencoderKL that should be kept in float32: []. Casting directly with `to()` can lead to inconsistent results; set `torch_dtype` in `from_pretrained()` instead to keep these modules in float32.
There are modules in AutoencoderKL that should be kept in float32: []. Casting directly with `to()` can lead to inconsistent results; set `torch_dtype` in `from_pretrained()` instead to keep these modules in float32.
The first timestep on the custom timestep schedule is 399, not `self.config.num_train_timesteps - 1`: 999. You may get unexpected results when using this timestep schedule.
There are modules in AutoencoderKL that should be kept in float32: []. Casting directly with `to()` can lead to inconsistent results; set `torch_dtype` in `from_pretrained()` instead to keep these modules in float32.
There are modules in AutoencoderKL that should be kept in float32: []. Casting directly with `to()` can lead to inconsistent results; set `torch_dtype` in `from_pretrained()` instead to keep these modules in float32.
The first timestep on the custom timestep schedule is 399, not `self.config.num_train_timesteps - 1`: 999. You may get unexpected results when using this timestep schedule.
There are modules in AutoencoderKL that should be kept in float32: []. Casting directly with `to()` can lead to inconsistent results; set `torch_dtype` in `from_pretrained()` instead to keep these modules in float32.
There are modules in AutoencoderKL that should be kept in float32: []. Casting directly with `to()` can lead to inconsistent results; set `torch_dtype` in `from_pretrained()` instead to keep these modules in float32.
The first timestep on the custom timestep schedule is 399, not `self.config.num_train_timesteps - 1`: 999. You may get unexpected results when using this timestep schedule.
There are modules in AutoencoderKL that should be kept in float32: []. Casting directly with `to()` can lead to inconsistent results; set `torch_dtype` in `from_pretrained()` instead to keep these modules in float32.
There are modules in AutoencoderKL that should be kept in float32: []. Casting directly with `to()` can lead to inconsistent results; set `torch_dtype` in `from_pretrained()` instead to keep these modules in float32.
id1_smiling 1-step                 arcface +0.272±0.061 nan=0 | dino 0.540 | P(attr) 0.24 P(beach) 0.25
There are modules in AutoencoderKL that should be kept in float32: []. Casting directly with `to()` can lead to inconsistent results; set `torch_dtype` in `from_pretrained()` instead to keep these modules in float32.
There are modules in AutoencoderKL that should be kept in float32: []. Casting directly with `to()` can lead to inconsistent results; set `torch_dtype` in `from_pretrained()` instead to keep these modules in float32.
The first timestep on the custom timestep schedule is 399, not `self.config.num_train_timesteps - 1`: 999. You may get unexpected results when using this timestep schedule.
There are modules in AutoencoderKL that should be kept in float32: []. Casting directly with `to()` can lead to inconsistent results; set `torch_dtype` in `from_pretrained()` instead to keep these modules in float32.
There are modules in AutoencoderKL that should be kept in float32: []. Casting directly with `to()` can lead to inconsistent results; set `torch_dtype` in `from_pretrained()` instead to keep these modules in float32.
The first timestep on the custom timestep schedule is 399, not `self.config.num_train_timesteps - 1`: 999. You may get unexpected results when using this timestep schedule.
There are modules in AutoencoderKL that should be kept in float32: []. Casting directly with `to()` can lead to inconsistent results; set `torch_dtype` in `from_pretrained()` instead to keep these modules in float32.
There are modules in AutoencoderKL that should be kept in float32: []. Casting directly with `to()` can lead to inconsistent results; set `torch_dtype` in `from_pretrained()` instead to keep these modules in float32.
The first timestep on the custom timestep schedule is 399, not `self.config.num_train_timesteps - 1`: 999. You may get unexpected results when using this timestep schedule.
There are modules in AutoencoderKL that should be kept in float32: []. Casting directly with `to()` can lead to inconsistent results; set `torch_dtype` in `from_pretrained()` instead to keep these modules in float32.
There are modules in AutoencoderKL that should be kept in float32: []. Casting directly with `to()` can lead to inconsistent results; set `torch_dtype` in `from_pretrained()` instead to keep these modules in float32.
The first timestep on the custom timestep schedule is 399, not `self.config.num_train_timesteps - 1`: 999. You may get unexpected results when using this timestep schedule.
There are modules in AutoencoderKL that should be kept in float32: []. Casting directly with `to()` can lead to inconsistent results; set `torch_dtype` in `from_pretrained()` instead to keep these modules in float32.
There are modules in AutoencoderKL that should be kept in float32: []. Casting directly with `to()` can lead to inconsistent results; set `torch_dtype` in `from_pretrained()` instead to keep these modules in float32.
The first timestep on the custom timestep schedule is 399, not `self.config.num_train_timesteps - 1`: 999. You may get unexpected results when using this timestep schedule.
There are modules in AutoencoderKL that should be kept in float32: []. Casting directly with `to()` can lead to inconsistent results; set `torch_dtype` in `from_pretrained()` instead to keep these modules in float32.
There are modules in AutoencoderKL that should be kept in float32: []. Casting directly with `to()` can lead to inconsistent results; set `torch_dtype` in `from_pretrained()` instead to keep these modules in float32.
The first timestep on the custom timestep schedule is 399, not `self.config.num_train_timesteps - 1`: 999. You may get unexpected results when using this timestep schedule.
There are modules in AutoencoderKL that should be kept in float32: []. Casting directly with `to()` can lead to inconsistent results; set `torch_dtype` in `from_pretrained()` instead to keep these modules in float32.
There are modules in AutoencoderKL that should be kept in float32: []. Casting directly with `to()` can lead to inconsistent results; set `torch_dtype` in `from_pretrained()` instead to keep these modules in float32.
The first timestep on the custom timestep schedule is 399, not `self.config.num_train_timesteps - 1`: 999. You may get unexpected results when using this timestep schedule.
There are modules in AutoencoderKL that should be kept in float32: []. Casting directly with `to()` can lead to inconsistent results; set `torch_dtype` in `from_pretrained()` instead to keep these modules in float32.
There are modules in AutoencoderKL that should be kept in float32: []. Casting directly with `to()` can lead to inconsistent results; set `torch_dtype` in `from_pretrained()` instead to keep these modules in float32.
The first timestep on the custom timestep schedule is 399, not `self.config.num_train_timesteps - 1`: 999. You may get unexpected results when using this timestep schedule.
There are modules in AutoencoderKL that should be kept in float32: []. Casting directly with `to()` can lead to inconsistent results; set `torch_dtype` in `from_pretrained()` instead to keep these modules in float32.
There are modules in AutoencoderKL that should be kept in float32: []. Casting directly with `to()` can lead to inconsistent results; set `torch_dtype` in `from_pretrained()` instead to keep these modules in float32.
The first timestep on the custom timestep schedule is 399, not `self.config.num_train_timesteps - 1`: 999. You may get unexpected results when using this timestep schedule.
There are modules in AutoencoderKL that should be kept in float32: []. Casting directly with `to()` can lead to inconsistent results; set `torch_dtype` in `from_pretrained()` instead to keep these modules in float32.
There are modules in AutoencoderKL that should be kept in float32: []. Casting directly with `to()` can lead to inconsistent results; set `torch_dtype` in `from_pretrained()` instead to keep these modules in float32.
The first timestep on the custom timestep schedule is 399, not `self.config.num_train_timesteps - 1`: 999. You may get unexpected results when using this timestep schedule.
There are modules in AutoencoderKL that should be kept in float32: []. Casting directly with `to()` can lead to inconsistent results; set `torch_dtype` in `from_pretrained()` instead to keep these modules in float32.
There are modules in AutoencoderKL that should be kept in float32: []. Casting directly with `to()` can lead to inconsistent results; set `torch_dtype` in `from_pretrained()` instead to keep these modules in float32.
The first timestep on the custom timestep schedule is 399, not `self.config.num_train_timesteps - 1`: 999. You may get unexpected results when using this timestep schedule.
There are modules in AutoencoderKL that should be kept in float32: []. Casting directly with `to()` can lead to inconsistent results; set `torch_dtype` in `from_pretrained()` instead to keep these modules in float32.
There are modules in AutoencoderKL that should be kept in float32: []. Casting directly with `to()` can lead to inconsistent results; set `torch_dtype` in `from_pretrained()` instead to keep these modules in float32.
The first timestep on the custom timestep schedule is 399, not `self.config.num_train_timesteps - 1`: 999. You may get unexpected results when using this timestep schedule.
There are modules in AutoencoderKL that should be kept in float32: []. Casting directly with `to()` can lead to inconsistent results; set `torch_dtype` in `from_pretrained()` instead to keep these modules in float32.
There are modules in AutoencoderKL that should be kept in float32: []. Casting directly with `to()` can lead to inconsistent results; set `torch_dtype` in `from_pretrained()` instead to keep these modules in float32.
The first timestep on the custom timestep schedule is 399, not `self.config.num_train_timesteps - 1`: 999. You may get unexpected results when using this timestep schedule.
There are modules in AutoencoderKL that should be kept in float32: []. Casting directly with `to()` can lead to inconsistent results; set `torch_dtype` in `from_pretrained()` instead to keep these modules in float32.
There are modules in AutoencoderKL that should be kept in float32: []. Casting directly with `to()` can lead to inconsistent results; set `torch_dtype` in `from_pretrained()` instead to keep these modules in float32.
The first timestep on the custom timestep schedule is 399, not `self.config.num_train_timesteps - 1`: 999. You may get unexpected results when using this timestep schedule.
There are modules in AutoencoderKL that should be kept in float32: []. Casting directly with `to()` can lead to inconsistent results; set `torch_dtype` in `from_pretrained()` instead to keep these modules in float32.
There are modules in AutoencoderKL that should be kept in float32: []. Casting directly with `to()` can lead to inconsistent results; set `torch_dtype` in `from_pretrained()` instead to keep these modules in float32.
The first timestep on the custom timestep schedule is 399, not `self.config.num_train_timesteps - 1`: 999. You may get unexpected results when using this timestep schedule.
There are modules in AutoencoderKL that should be kept in float32: []. Casting directly with `to()` can lead to inconsistent results; set `torch_dtype` in `from_pretrained()` instead to keep these modules in float32.
There are modules in AutoencoderKL that should be kept in float32: []. Casting directly with `to()` can lead to inconsistent results; set `torch_dtype` in `from_pretrained()` instead to keep these modules in float32.
The first timestep on the custom timestep schedule is 399, not `self.config.num_train_timesteps - 1`: 999. You may get unexpected results when using this timestep schedule.
There are modules in AutoencoderKL that should be kept in float32: []. Casting directly with `to()` can lead to inconsistent results; set `torch_dtype` in `from_pretrained()` instead to keep these modules in float32.
There are modules in AutoencoderKL that should be kept in float32: []. Casting directly with `to()` can lead to inconsistent results; set `torch_dtype` in `from_pretrained()` instead to keep these modules in float32.
The first timestep on the custom timestep schedule is 399, not `self.config.num_train_timesteps - 1`: 999. You may get unexpected results when using this timestep schedule.
There are modules in AutoencoderKL that should be kept in float32: []. Casting directly with `to()` can lead to inconsistent results; set `torch_dtype` in `from_pretrained()` instead to keep these modules in float32.
There are modules in AutoencoderKL that should be kept in float32: []. Casting directly with `to()` can lead to inconsistent results; set `torch_dtype` in `from_pretrained()` instead to keep these modules in float32.
The first timestep on the custom timestep schedule is 399, not `self.config.num_train_timesteps - 1`: 999. You may get unexpected results when using this timestep schedule.
There are modules in AutoencoderKL that should be kept in float32: []. Casting directly with `to()` can lead to inconsistent results; set `torch_dtype` in `from_pretrained()` instead to keep these modules in float32.
There are modules in AutoencoderKL that should be kept in float32: []. Casting directly with `to()` can lead to inconsistent results; set `torch_dtype` in `from_pretrained()` instead to keep these modules in float32.
The first timestep on the custom timestep schedule is 399, not `self.config.num_train_timesteps - 1`: 999. You may get unexpected results when using this timestep schedule.
There are modules in AutoencoderKL that should be kept in float32: []. Casting directly with `to()` can lead to inconsistent results; set `torch_dtype` in `from_pretrained()` instead to keep these modules in float32.
There are modules in AutoencoderKL that should be kept in float32: []. Casting directly with `to()` can lead to inconsistent results; set `torch_dtype` in `from_pretrained()` instead to keep these modules in float32.
The first timestep on the custom timestep schedule is 399, not `self.config.num_train_timesteps - 1`: 999. You may get unexpected results when using this timestep schedule.
There are modules in AutoencoderKL that should be kept in float32: []. Casting directly with `to()` can lead to inconsistent results; set `torch_dtype` in `from_pretrained()` instead to keep these modules in float32.
There are modules in AutoencoderKL that should be kept in float32: []. Casting directly with `to()` can lead to inconsistent results; set `torch_dtype` in `from_pretrained()` instead to keep these modules in float32.
id1_smiling a_gray θ45             arcface +0.367±0.046 nan=0 | dino 0.571 | P(attr) 0.10 P(beach) 0.20
There are modules in AutoencoderKL that should be kept in float32: []. Casting directly with `to()` can lead to inconsistent results; set `torch_dtype` in `from_pretrained()` instead to keep these modules in float32.
There are modules in AutoencoderKL that should be kept in float32: []. Casting directly with `to()` can lead to inconsistent results; set `torch_dtype` in `from_pretrained()` instead to keep these modules in float32.
The first timestep on the custom timestep schedule is 399, not `self.config.num_train_timesteps - 1`: 999. You may get unexpected results when using this timestep schedule.
There are modules in AutoencoderKL that should be kept in float32: []. Casting directly with `to()` can lead to inconsistent results; set `torch_dtype` in `from_pretrained()` instead to keep these modules in float32.
There are modules in AutoencoderKL that should be kept in float32: []. Casting directly with `to()` can lead to inconsistent results; set `torch_dtype` in `from_pretrained()` instead to keep these modules in float32.
The first timestep on the custom timestep schedule is 399, not `self.config.num_train_timesteps - 1`: 999. You may get unexpected results when using this timestep schedule.
There are modules in AutoencoderKL that should be kept in float32: []. Casting directly with `to()` can lead to inconsistent results; set `torch_dtype` in `from_pretrained()` instead to keep these modules in float32.
There are modules in AutoencoderKL that should be kept in float32: []. Casting directly with `to()` can lead to inconsistent results; set `torch_dtype` in `from_pretrained()` instead to keep these modules in float32.
The first timestep on the custom timestep schedule is 399, not `self.config.num_train_timesteps - 1`: 999. You may get unexpected results when using this timestep schedule.
There are modules in AutoencoderKL that should be kept in float32: []. Casting directly with `to()` can lead to inconsistent results; set `torch_dtype` in `from_pretrained()` instead to keep these modules in float32.
There are modules in AutoencoderKL that should be kept in float32: []. Casting directly with `to()` can lead to inconsistent results; set `torch_dtype` in `from_pretrained()` instead to keep these modules in float32.
The first timestep on the custom timestep schedule is 399, not `self.config.num_train_timesteps - 1`: 999. You may get unexpected results when using this timestep schedule.
There are modules in AutoencoderKL that should be kept in float32: []. Casting directly with `to()` can lead to inconsistent results; set `torch_dtype` in `from_pretrained()` instead to keep these modules in float32.
There are modules in AutoencoderKL that should be kept in float32: []. Casting directly with `to()` can lead to inconsistent results; set `torch_dtype` in `from_pretrained()` instead to keep these modules in float32.
The first timestep on the custom timestep schedule is 399, not `self.config.num_train_timesteps - 1`: 999. You may get unexpected results when using this timestep schedule.
There are modules in AutoencoderKL that should be kept in float32: []. Casting directly with `to()` can lead to inconsistent results; set `torch_dtype` in `from_pretrained()` instead to keep these modules in float32.
There are modules in AutoencoderKL that should be kept in float32: []. Casting directly with `to()` can lead to inconsistent results; set `torch_dtype` in `from_pretrained()` instead to keep these modules in float32.
The first timestep on the custom timestep schedule is 399, not `self.config.num_train_timesteps - 1`: 999. You may get unexpected results when using this timestep schedule.
There are modules in AutoencoderKL that should be kept in float32: []. Casting directly with `to()` can lead to inconsistent results; set `torch_dtype` in `from_pretrained()` instead to keep these modules in float32.
There are modules in AutoencoderKL that should be kept in float32: []. Casting directly with `to()` can lead to inconsistent results; set `torch_dtype` in `from_pretrained()` instead to keep these modules in float32.
The first timestep on the custom timestep schedule is 399, not `self.config.num_train_timesteps - 1`: 999. You may get unexpected results when using this timestep schedule.
There are modules in AutoencoderKL that should be kept in float32: []. Casting directly with `to()` can lead to inconsistent results; set `torch_dtype` in `from_pretrained()` instead to keep these modules in float32.
There are modules in AutoencoderKL that should be kept in float32: []. Casting directly with `to()` can lead to inconsistent results; set `torch_dtype` in `from_pretrained()` instead to keep these modules in float32.
The first timestep on the custom timestep schedule is 399, not `self.config.num_train_timesteps - 1`: 999. You may get unexpected results when using this timestep schedule.
There are modules in AutoencoderKL that should be kept in float32: []. Casting directly with `to()` can lead to inconsistent results; set `torch_dtype` in `from_pretrained()` instead to keep these modules in float32.
There are modules in AutoencoderKL that should be kept in float32: []. Casting directly with `to()` can lead to inconsistent results; set `torch_dtype` in `from_pretrained()` instead to keep these modules in float32.
The first timestep on the custom timestep schedule is 399, not `self.config.num_train_timesteps - 1`: 999. You may get unexpected results when using this timestep schedule.
There are modules in AutoencoderKL that should be kept in float32: []. Casting directly with `to()` can lead to inconsistent results; set `torch_dtype` in `from_pretrained()` instead to keep these modules in float32.
There are modules in AutoencoderKL that should be kept in float32: []. Casting directly with `to()` can lead to inconsistent results; set `torch_dtype` in `from_pretrained()` instead to keep these modules in float32.
The first timestep on the custom timestep schedule is 399, not `self.config.num_train_timesteps - 1`: 999. You may get unexpected results when using this timestep schedule.
There are modules in AutoencoderKL that should be kept in float32: []. Casting directly with `to()` can lead to inconsistent results; set `torch_dtype` in `from_pretrained()` instead to keep these modules in float32.
There are modules in AutoencoderKL that should be kept in float32: []. Casting directly with `to()` can lead to inconsistent results; set `torch_dtype` in `from_pretrained()` instead to keep these modules in float32.
The first timestep on the custom timestep schedule is 399, not `self.config.num_train_timesteps - 1`: 999. You may get unexpected results when using this timestep schedule.
There are modules in AutoencoderKL that should be kept in float32: []. Casting directly with `to()` can lead to inconsistent results; set `torch_dtype` in `from_pretrained()` instead to keep these modules in float32.
There are modules in AutoencoderKL that should be kept in float32: []. Casting directly with `to()` can lead to inconsistent results; set `torch_dtype` in `from_pretrained()` instead to keep these modules in float32.
The first timestep on the custom timestep schedule is 399, not `self.config.num_train_timesteps - 1`: 999. You may get unexpected results when using this timestep schedule.
There are modules in AutoencoderKL that should be kept in float32: []. Casting directly with `to()` can lead to inconsistent results; set `torch_dtype` in `from_pretrained()` instead to keep these modules in float32.
There are modules in AutoencoderKL that should be kept in float32: []. Casting directly with `to()` can lead to inconsistent results; set `torch_dtype` in `from_pretrained()` instead to keep these modules in float32.
The first timestep on the custom timestep schedule is 399, not `self.config.num_train_timesteps - 1`: 999. You may get unexpected results when using this timestep schedule.
There are modules in AutoencoderKL that should be kept in float32: []. Casting directly with `to()` can lead to inconsistent results; set `torch_dtype` in `from_pretrained()` instead to keep these modules in float32.
There are modules in AutoencoderKL that should be kept in float32: []. Casting directly with `to()` can lead to inconsistent results; set `torch_dtype` in `from_pretrained()` instead to keep these modules in float32.
The first timestep on the custom timestep schedule is 399, not `self.config.num_train_timesteps - 1`: 999. You may get unexpected results when using this timestep schedule.
There are modules in AutoencoderKL that should be kept in float32: []. Casting directly with `to()` can lead to inconsistent results; set `torch_dtype` in `from_pretrained()` instead to keep these modules in float32.
There are modules in AutoencoderKL that should be kept in float32: []. Casting directly with `to()` can lead to inconsistent results; set `torch_dtype` in `from_pretrained()` instead to keep these modules in float32.
The first timestep on the custom timestep schedule is 399, not `self.config.num_train_timesteps - 1`: 999. You may get unexpected results when using this timestep schedule.
There are modules in AutoencoderKL that should be kept in float32: []. Casting directly with `to()` can lead to inconsistent results; set `torch_dtype` in `from_pretrained()` instead to keep these modules in float32.
There are modules in AutoencoderKL that should be kept in float32: []. Casting directly with `to()` can lead to inconsistent results; set `torch_dtype` in `from_pretrained()` instead to keep these modules in float32.
The first timestep on the custom timestep schedule is 399, not `self.config.num_train_timesteps - 1`: 999. You may get unexpected results when using this timestep schedule.
There are modules in AutoencoderKL that should be kept in float32: []. Casting directly with `to()` can lead to inconsistent results; set `torch_dtype` in `from_pretrained()` instead to keep these modules in float32.
There are modules in AutoencoderKL that should be kept in float32: []. Casting directly with `to()` can lead to inconsistent results; set `torch_dtype` in `from_pretrained()` instead to keep these modules in float32.
The first timestep on the custom timestep schedule is 399, not `self.config.num_train_timesteps - 1`: 999. You may get unexpected results when using this timestep schedule.
There are modules in AutoencoderKL that should be kept in float32: []. Casting directly with `to()` can lead to inconsistent results; set `torch_dtype` in `from_pretrained()` instead to keep these modules in float32.
There are modules in AutoencoderKL that should be kept in float32: []. Casting directly with `to()` can lead to inconsistent results; set `torch_dtype` in `from_pretrained()` instead to keep these modules in float32.
The first timestep on the custom timestep schedule is 399, not `self.config.num_train_timesteps - 1`: 999. You may get unexpected results when using this timestep schedule.
There are modules in AutoencoderKL that should be kept in float32: []. Casting directly with `to()` can lead to inconsistent results; set `torch_dtype` in `from_pretrained()` instead to keep these modules in float32.
There are modules in AutoencoderKL that should be kept in float32: []. Casting directly with `to()` can lead to inconsistent results; set `torch_dtype` in `from_pretrained()` instead to keep these modules in float32.
The first timestep on the custom timestep schedule is 399, not `self.config.num_train_timesteps - 1`: 999. You may get unexpected results when using this timestep schedule.
There are modules in AutoencoderKL that should be kept in float32: []. Casting directly with `to()` can lead to inconsistent results; set `torch_dtype` in `from_pretrained()` instead to keep these modules in float32.
There are modules in AutoencoderKL that should be kept in float32: []. Casting directly with `to()` can lead to inconsistent results; set `torch_dtype` in `from_pretrained()` instead to keep these modules in float32.
The first timestep on the custom timestep schedule is 399, not `self.config.num_train_timesteps - 1`: 999. You may get unexpected results when using this timestep schedule.
There are modules in AutoencoderKL that should be kept in float32: []. Casting directly with `to()` can lead to inconsistent results; set `torch_dtype` in `from_pretrained()` instead to keep these modules in float32.
There are modules in AutoencoderKL that should be kept in float32: []. Casting directly with `to()` can lead to inconsistent results; set `torch_dtype` in `from_pretrained()` instead to keep these modules in float32.
id1_smiling edit_beach θ45         arcface +0.327±0.037 nan=0 | dino 0.555 | P(attr) 0.21 P(beach) 0.60
DONE
